seed,episode,total_steps,reward
1,1,17,4.04001921415329
1,2,37,7.761593163013458
1,3,69,19.61362588405609
1,4,89,8.074480473995209
1,5,107,5.492515981197357
1,6,155,34.88962149620056
1,7,174,5.883803844451904
1,8,188,1.6339004039764404
1,9,202,1.522492229938507
1,10,225,11.067440271377563
1,11,247,9.56811910867691
1,12,266,6.295845627784729
1,13,276,-1.7159591317176819
1,14,298,9.975849211215973
1,15,317,6.832389652729034
1,16,328,-0.936753511428833
1,17,342,1.6201151609420776
1,18,356,1.9585333466529846
1,19,368,0.23325031995773315
1,20,379,-0.9601855874061584
1,21,413,19.921843826770782
1,22,424,-0.8731967806816101
1,23,451,14.260487794876099
1,24,488,24.266125082969666
1,25,504,3.9257004857063293
1,26,528,11.434679687023163
1,27,562,19.38848179578781
1,28,614,36.208598375320435
1,29,958,319.1996801495552
1,30,1188,209.27889305353165
1,31,1436,225.889229118824
1,32,1721,262.1116431951523
1,33,2011,266.08906799554825
1,34,2317,280.45536267757416
1,35,2546,204.3188831806183
1,36,2700,131.2218444943428
1,37,2858,134.9139866232872
1,38,3065,181.61821711063385
1,39,3496,389.2246306538582
1,40,3658,136.63195204734802
1,41,3847,161.2922311425209
1,42,4072,192.6860786676407
1,43,4254,154.41492128372192
1,44,4598,315.72221422195435
1,45,4818,195.1460468173027
1,46,5129,282.9897629022598
1,47,5487,325.77829444408417
1,48,5987,488.0676158666611
1,49,6487,489.2956757545471
1,50,6834,318.63223922252655
1,51,7139,276.3150903582573
1,52,7335,171.5968883037567
1,53,7513,153.39504039287567
1,54,7723,184.56164199113846
1,55,7890,142.26425695419312
1,56,8153,236.50449645519257
1,57,8491,305.5433791279793
1,58,8780,263.7973538041115
1,59,9280,488.4656059741974
1,60,9780,488.1874964237213
1,61,10007,202.29550713300705
1,62,10507,458.0757184624672
1,63,11007,481.3050237894058
1,64,11507,474.27221566438675
1,65,12007,489.98087430000305
1,66,12507,491.856485247612
1,67,13007,497.4035276770592
1,68,13507,493.73621064424515
1,69,14007,493.36360704898834
1,70,14507,488.4126924276352
1,71,15007,488.60515570640564
1,72,15507,493.46640169620514
1,73,16007,491.1435493826866
1,74,16507,490.9255297780037
1,75,17007,495.90818589925766
1,76,17507,492.8393332362175
1,77,18007,494.2317215204239
1,78,18507,487.15288013219833
1,79,19007,482.75601601600647
1,80,19507,481.63714891672134
1,81,20007,479.69251173734665
1,82,20507,478.68162655830383
1,83,20983,435.19014459848404
1,84,21483,488.80463713407516
1,85,21983,483.2967281341553
1,86,22483,489.62130147218704
1,87,22983,480.23330986499786
1,88,23483,483.26352709531784
1,89,23983,484.6132353544235
1,90,24483,495.21828705072403
1,91,24983,495.42000710964203
1,92,25483,496.52297085523605
1,93,25983,496.6735275387764
1,94,26483,492.2847359776497
1,95,26983,490.8043974041939
1,96,27483,488.4847412109375
1,97,27983,488.5749643445015
1,98,28323,312.1547222137451
1,99,28605,253.38882279396057
1,100,29027,388.29061925411224
1,101,29527,474.37343794107437
1,102,30027,478.3461164832115
1,103,30527,482.6522957086563
1,104,31027,477.3752236366272
1,105,31527,484.4933000802994
1,106,32027,481.30925065279007
1,107,32527,465.7212334871292
1,108,33027,472.5327659249306
1,109,33527,476.7446874976158
1,110,34027,478.1582530140877
1,111,34527,481.32241052389145
1,112,35027,468.89572340250015
1,113,35527,476.2561169862747
1,114,36027,475.19522511959076
1,115,36527,473.45624083280563
1,116,37027,494.07521241903305
1,117,37527,490.3038167953491
1,118,37942,374.808380484581
1,119,38441,458.4294903874397
1,120,38790,316.6399959921837
1,121,39150,324.9592788219452
1,122,39509,320.6359531879425
1,123,39833,288.3177977800369
1,124,40181,313.15663182735443
1,125,40607,386.4047203063965
1,126,41050,403.0277969241142
1,127,41550,487.58678406476974
1,128,42050,483.94267523288727
1,129,42550,472.0292315483093
1,130,43050,474.44013011455536
1,131,43550,478.13029330968857
1,132,44050,478.4321969151497
1,133,44550,476.048944234848
1,134,45050,476.633509516716
1,135,45550,476.893545627594
1,136,46050,478.925294816494
1,137,46550,479.78557991981506
1,138,47050,482.43648797273636
1,139,47550,476.988403737545
1,140,48050,471.53316497802734
1,141,48550,485.03267765045166
1,142,49050,482.0805478692055
1,143,49550,479.7159196138382
1,144,50050,468.31876784563065
1,145,50550,482.4533385038376
1,146,51050,484.54247879981995
1,147,51550,487.69136941432953
1,148,52050,491.18302512168884
1,149,52550,484.6610834598541
1,150,53050,485.92964428663254
1,151,53550,496.2520390152931
1,152,54050,491.4821034669876
1,153,54550,480.67586410045624
1,154,55050,486.8219944238663
1,155,55550,471.5215428471565
1,156,56050,470.57330173254013
1,157,56550,481.8130750656128
1,158,57050,480.18606531620026
1,159,57507,417.516805768013
1,160,57892,344.7740595936775
1,161,58268,338.8442339897156
1,162,58768,478.06982839107513
1,163,59268,490.2641327381134
1,164,59768,460.202712059021
1,165,60268,474.45562559366226
1,166,60768,470.11598140001297
1,167,61268,450.6682839393616
1,168,61552,255.34859097003937
1,169,62052,484.17261189222336
1,170,62552,489.5597549676895
1,171,63052,462.10991555452347
1,172,63552,460.8382117152214
1,173,64052,474.97681325674057
1,174,64404,315.76498025655746
1,175,64904,473.5808576345444
1,176,65404,461.03909265995026
1,177,65482,60.55857700109482
1,178,65982,451.75952672958374
1,179,66444,398.8791455626488
1,180,66859,346.30306375026703
1,181,67359,439.04721480607986
1,182,67859,476.8846198320389
1,183,68153,255.7369246482849
1,184,68194,27.03736835718155
1,185,68327,97.94628721475601
1,186,68464,104.34866392612457
1,187,68626,127.3142340183258
1,188,68781,124.93526870012283
1,189,68933,124.71497774124146
1,190,69055,94.68235129117966
1,191,69189,105.18967807292938
1,192,69262,54.572068214416504
1,193,69442,155.0402277112007
1,194,69496,34.82887274026871
1,195,69676,146.5018266439438
1,196,70141,404.3354451060295
1,197,70324,151.0785528421402
1,198,70458,104.81560814380646
1,199,70625,136.86259615421295
1,200,71125,430.45647352933884
2,1,12,-0.05503660440444946
2,2,41,15.74630081653595
2,3,58,3.826908051967621
2,4,107,32.82145941257477
2,5,122,2.5992642641067505
2,6,133,-1.0181182026863098
2,7,153,7.349487543106079
2,8,206,39.20861130952835
2,9,228,8.570136845111847
2,10,243,2.5358963012695312
2,11,252,-2.860627830028534
2,12,410,135.54301190376282
2,13,495,59.426501989364624
2,14,505,-1.6868098974227905
2,15,518,1.2517186403274536
2,16,529,-0.8119097352027893
2,17,634,88.36325746774673
2,18,976,319.6191258430481
2,19,1476,496.88631319999695
2,20,1976,486.00294011831284
2,21,2476,486.53150379657745
2,22,2634,136.91594648361206
2,23,3134,491.13750886917114
2,24,3634,491.34626656770706
2,25,4134,494.42895424366
2,26,4634,491.20066779851913
2,27,5134,488.43099677562714
2,28,5634,488.7235144972801
2,29,6134,485.81808906793594
2,30,6634,478.8910971879959
2,31,7124,453.8862296938896
2,32,7458,305.5598513484001
2,33,7716,233.75638437271118
2,34,7980,240.9308105111122
2,35,8219,215.74540317058563
2,36,8437,196.21078372001648
2,37,8672,212.3792610168457
2,38,8885,192.2730466723442
2,39,9233,325.0734022259712
2,40,9442,187.29520452022552
2,41,9673,208.0799651145935
2,42,9882,188.41473639011383
2,43,10029,125.82895630598068
2,44,10207,157.30178600549698
2,45,10402,173.07736933231354
2,46,10616,192.10298562049866
2,47,10796,159.1847694516182
2,48,10968,149.7209830880165
2,49,11113,123.09588372707367
2,50,11293,158.3537539243698
2,51,11459,144.8369940519333
2,52,11635,154.51593607664108
2,53,11815,158.72272807359695
2,54,12040,201.2958402633667
2,55,12305,242.21926248073578
2,56,12510,183.3161147236824
2,57,12680,146.18712264299393
2,58,12879,173.55094599723816
2,59,13379,490.0019397139549
2,60,13573,169.28763616085052
2,61,13809,208.6722553372383
2,62,14309,466.74587297439575
2,63,14809,471.3221033215523
2,64,15309,468.97787952423096
2,65,15809,481.69250667095184
2,66,16309,484.7280743122101
2,67,16809,489.6951986551285
2,68,17309,493.9771273136139
2,69,17809,496.6060423851013
2,70,18309,485.6765401959419
2,71,18809,469.9596862792969
2,72,19309,483.5177798271179
2,73,19809,479.77008736133575
2,74,20226,377.4772002696991
2,75,20726,463.1356446146965
2,76,21226,465.35799247026443
2,77,21726,474.9993289709091
2,78,22226,476.0674633383751
2,79,22726,492.2447934150696
2,80,23226,494.61368703842163
2,81,23726,495.2693774700165
2,82,24226,494.75864762067795
2,83,24726,495.7762652039528
2,84,25226,489.1018086075783
2,85,25726,495.3390048146248
2,86,26226,478.49803894758224
2,87,26726,487.34669172763824
2,88,27226,483.6772239804268
2,89,27726,492.16889357566833
2,90,28226,484.35569459199905
2,91,28726,472.9769783616066
2,92,29226,457.15167850255966
2,93,29726,461.8915591239929
2,94,30226,489.9641781449318
2,95,30726,488.01020580530167
2,96,31226,480.5587497353554
2,97,31726,483.56730538606644
2,98,32226,481.8819891810417
2,99,32726,485.52998024225235
2,100,33226,484.75855243206024
2,101,33726,477.67900305986404
2,102,34226,485.8911017179489
2,103,34726,480.895458817482
2,104,35226,484.44525814056396
2,105,35726,477.6842591762543
2,106,36226,475.06233191490173
2,107,36726,480.83409798145294
2,108,37226,469.0580783486366
2,109,37726,441.9736258983612
2,110,38226,477.97215008735657
2,111,38726,472.8619278073311
2,112,38955,199.53334480524063
2,113,39455,476.2845980525017
2,114,39955,465.64100044965744
2,115,40286,302.53640669584274
2,116,40786,481.57150435447693
2,117,41286,454.7820422053337
2,118,41786,472.69266110658646
2,119,42286,472.1681849360466
2,120,42786,478.46193182468414
2,121,43286,477.2153390645981
2,122,43311,11.934053659439087
2,123,43386,57.6301873922348
2,124,43886,457.8619327545166
2,125,44386,462.4814156293869
2,126,44886,471.8945979475975
2,127,45386,459.8770161867142
2,128,45886,452.5665997862816
2,129,46386,483.9738430380821
2,130,46886,484.2459468841553
2,131,47386,472.42052561044693
2,132,47886,463.041651904583
2,133,48386,453.25177639722824
2,134,48886,451.2358502149582
2,135,49386,477.9528004527092
2,136,49886,454.0902218222618
2,137,50386,488.57205814123154
2,138,50886,455.98961490392685
2,139,51386,448.496009349823
2,140,51886,472.20712971687317
2,141,52386,486.68205457925797
2,142,52886,489.8861994147301
2,143,53386,490.0593993663788
2,144,53886,477.71458786726
2,145,54102,194.20209950208664
2,146,54523,358.7799777984619
2,147,55023,470.1441439986229
2,148,55523,459.80717128515244
2,149,55731,179.9421907067299
2,150,55940,183.9420735836029
2,151,56191,225.27334833145142
2,152,56366,148.91891992092133
2,153,56536,144.84793347120285
2,154,56701,138.1901808977127
2,155,56898,167.21104687452316
2,156,57084,156.36259579658508
2,157,57473,329.56633347272873
2,158,57973,435.04830622673035
2,159,58087,90.19885367155075
2,160,58239,130.3804360628128
2,161,58253,1.9793785214424133
2,162,58273,8.329329133033752
2,163,58362,76.95625507831573
2,164,58374,0.18843704462051392
2,165,58405,19.03957962989807
2,166,58414,-2.899278938770294
2,167,58424,-1.766463041305542
2,168,58442,6.277579665184021
2,169,58451,-2.4957452416419983
2,170,58461,-1.5016233325004578
2,171,58471,-1.5221508741378784
2,172,58492,9.261124432086945
2,173,58502,-1.5822672247886658
2,174,58531,16.892138719558716
2,175,58539,-3.6584848761558533
2,176,58549,-1.5804814100265503
2,177,58579,17.66368991136551
2,178,58588,-2.78354275226593
2,179,58597,-2.7046040892601013
2,180,58605,-3.6206209659576416
2,181,58614,-2.773900628089905
2,182,58624,-1.7627536058425903
2,183,58632,-3.6103240847587585
2,184,58641,-2.7775245308876038
2,185,58651,-1.4860398173332214
2,186,58661,-1.5394023656845093
2,187,58671,-1.5498119592666626
2,188,58681,-1.457520842552185
2,189,58689,-3.676089823246002
2,190,58699,-1.804008662700653
2,191,58708,-2.709345817565918
2,192,58718,-1.8022759556770325
2,193,58726,-3.5910382866859436
2,194,58735,-2.9841347336769104
2,195,58744,-2.869888186454773
2,196,58753,-2.608769118785858
2,197,58763,-1.5270746946334839
2,198,58772,-2.7226040959358215
2,199,58781,-2.7784016132354736
2,200,58790,-2.5761722922325134
3,1,17,5.419764697551727
3,2,36,7.0650230050086975
3,3,66,14.139287233352661
3,4,76,-1.5862504839897156
3,5,109,20.358554780483246
3,6,125,4.033320248126984
3,7,141,4.210509717464447
3,8,156,2.0282601714134216
3,9,177,8.43807828426361
3,10,193,3.649955093860626
3,11,208,2.7212658524513245
3,12,229,8.70469468832016
3,13,250,8.832361817359924
3,14,269,6.765872478485107
3,15,290,8.88541328907013
3,16,305,2.961810529232025
3,17,314,-2.5205819606781006
3,18,331,4.876857101917267
3,19,341,-1.638631284236908
3,20,352,-0.8773807883262634
3,21,366,1.9025099277496338
3,22,378,0.08792001008987427
3,23,388,-1.9267250299453735
3,24,400,0.14674091339111328
3,25,424,11.627604126930237
3,26,715,255.47050470113754
3,27,950,208.3311370909214
3,28,1235,264.1616627573967
3,29,1404,147.30313915014267
3,30,1588,162.88556724786758
3,31,1752,142.96910506486893
3,32,1913,139.96438282728195
3,33,2096,162.07843697071075
3,34,2297,180.08388394117355
3,35,2483,165.17707353830338
3,36,2713,209.12272328138351
3,37,2990,254.46297347545624
3,38,3250,236.46037310361862
3,39,3424,151.40598279237747
3,40,3616,170.34112906455994
3,41,3802,163.50192320346832
3,42,3945,120.86219304800034
3,43,4211,244.18183207511902
3,44,4461,228.69109773635864
3,45,4732,249.8339701294899
3,46,4948,194.68493390083313
3,47,5195,225.99637812376022
3,48,5473,254.03154927492142
3,49,5908,413.321674823761
3,50,6265,331.3072103857994
3,51,6765,477.0905506014824
3,52,7265,487.66421473026276
3,53,7765,486.2485118508339
3,54,8265,478.7498182654381
3,55,8765,474.74942338466644
3,56,9265,471.27726942300797
3,57,9765,473.8431572318077
3,58,10265,472.2375750541687
3,59,10491,204.64409691095352
3,60,10991,471.66649347543716
3,61,11340,321.361436188221
3,62,11573,210.2776082754135
3,63,11999,383.2381216287613
3,64,12499,480.7820188999176
3,65,12999,486.2620721459389
3,66,13499,491.177245259285
3,67,13999,486.1921172142029
3,68,14499,483.5573469400406
3,69,14989,457.35914945602417
3,70,15489,487.45426791906357
3,71,15989,484.32748740911484
3,72,16489,471.35347551107407
3,73,16989,488.2846643924713
3,74,17489,494.3135080933571
3,75,17989,488.1909490823746
3,76,18489,495.0972331762314
3,77,18989,492.8850107192993
3,78,19489,493.5509806275368
3,79,19989,476.6772953271866
3,80,20489,475.8735536336899
3,81,20989,465.040698826313
3,82,21489,488.19135838747025
3,83,21989,489.0506554245949
3,84,22489,494.059363424778
3,85,22989,491.5390728712082
3,86,23489,493.68944424390793
3,87,23989,492.36627066135406
3,88,24489,493.835311293602
3,89,24989,493.5149722099304
3,90,25489,494.878729224205
3,91,25989,489.6903620362282
3,92,26489,488.25466763973236
3,93,26989,492.0681356191635
3,94,27489,494.67409712076187
3,95,27989,490.88112884759903
3,96,28489,494.3840755224228
3,97,28989,496.2136548757553
3,98,29489,498.10618191957474
3,99,29989,495.6701811552048
3,100,30489,498.3685786128044
3,101,30989,494.3212726712227
3,102,31489,497.2620133757591
3,103,31989,492.69416868686676
3,104,32489,497.7253751754761
3,105,32989,495.28563010692596
3,106,33489,495.98612052202225
3,107,33989,497.4187232851982
3,108,34489,495.2551294565201
3,109,34989,494.34262573719025
3,110,35489,495.4639972448349
3,111,35989,491.06369322538376
3,112,36489,494.4314658641815
3,113,36989,493.72613406181335
3,114,37489,495.5682796239853
3,115,37989,493.8837425708771
3,116,38489,492.85678339004517
3,117,38922,404.57011765241623
3,118,39422,494.0682310461998
3,119,39922,490.65526604652405
3,120,40422,489.00926917791367
3,121,40922,486.8637225031853
3,122,41422,489.3924648761749
3,123,41922,494.6292591691017
3,124,42422,491.4979566335678
3,125,42922,490.7453209757805
3,126,43422,492.0492926836014
3,127,43922,483.28775799274445
3,128,44422,480.12389248609543
3,129,44922,477.3100392818451
3,130,45422,483.636046230793
3,131,45922,473.7296669483185
3,132,46422,468.5730772614479
3,133,46922,460.2019471526146
3,134,47422,483.1029422879219
3,135,47922,432.3473840355873
3,136,48422,490.6454594731331
3,137,48922,488.86597299575806
3,138,49127,187.6539208292961
3,139,49627,482.2308895587921
3,140,49818,161.70216685533524
3,141,50318,461.97261732816696
3,142,50818,458.55349254608154
3,143,51318,455.36483681201935
3,144,51667,300.21797543764114
3,145,52167,459.8721318244934
3,146,52527,314.518185377121
3,147,53027,471.7807087302208
3,148,53527,437.4602933526039
3,149,54027,485.35355269908905
3,150,54527,469.53197664022446
3,151,55027,463.021609544754
3,152,55410,318.2621546983719
3,153,55734,261.67140901088715
3,154,55750,3.2236783504486084
3,155,56016,241.27315777540207
3,156,56050,20.46437817811966
3,157,56223,151.84696954488754
3,158,56361,115.46632242202759
3,159,56509,121.94586342573166
3,160,56747,207.50850522518158
3,161,56917,147.07204443216324
3,162,57047,107.00787353515625
3,163,57155,83.5424033999443
3,164,57311,132.52236914634705
3,165,57497,162.46736907958984
3,166,57683,162.18778735399246
3,167,57848,143.1501784324646
3,168,58257,356.3377231955528
3,169,58423,142.3749040365219
3,170,58611,166.67492055892944
3,171,58772,139.18702393770218
3,172,58891,94.31643718481064
3,173,59005,90.89561975002289
3,174,59160,132.5331626534462
3,175,59309,127.05060577392578
3,176,59469,136.67164278030396
3,177,59666,175.1274270415306
3,178,59812,123.71202379465103
3,179,60161,324.09719824790955
3,180,60323,139.94083386659622
3,181,60536,186.8552017211914
3,182,60824,257.3986676335335
3,183,61044,196.01767653226852
3,184,61327,259.656804561615
3,185,61515,166.19709146022797
3,186,61740,202.73978155851364
3,187,62020,249.0512132048607
3,188,62172,129.4632014632225
3,189,62672,482.27993100881577
3,190,62943,244.138425886631
3,191,63184,215.49656856060028
3,192,63684,478.31854408979416
3,193,64184,487.38787722587585
3,194,64684,480.52706068754196
3,195,65184,486.12486457824707
3,196,65684,481.42769598960876
3,197,66184,489.56391179561615
3,198,66684,487.6894513964653
3,199,67184,482.5088576078415
3,200,67684,472.5813182592392
4,1,23,8.711550831794739
4,2,39,3.326927363872528
4,3,62,10.882716298103333
4,4,90,13.564484775066376
4,5,124,20.140826106071472
4,6,155,18.62306672334671
4,7,180,9.870296657085419
4,8,198,5.752775192260742
4,9,217,6.6020824909210205
4,10,249,19.402371048927307
4,11,289,24.690080225467682
4,12,324,21.596328139305115
4,13,362,25.30819720029831
4,14,439,56.98477631807327
4,15,472,18.134738564491272
4,16,508,19.105833649635315
4,17,544,22.01687115430832
4,18,569,12.006469488143921
4,19,629,44.471817553043365
4,20,877,219.93683165311813
4,21,1377,492.54399091005325
4,22,1668,265.62072014808655
4,23,1895,206.33794009685516
4,24,2042,124.96972006559372
4,25,2244,177.99820387363434
4,26,2438,172.40239888429642
4,27,2894,430.99670869112015
4,28,3394,457.5966848731041
4,29,3894,458.8064494729042
4,30,4394,458.82103657722473
4,31,4894,461.9552516937256
4,32,5074,155.04546415805817
4,33,5287,181.55584114789963
4,34,5496,182.5592206120491
4,35,5675,155.29036611318588
4,36,5862,162.29672801494598
4,37,6061,174.87340319156647
4,38,6240,156.3644917011261
4,39,6407,144.90285056829453
4,40,6539,109.9361127614975
4,41,6724,163.6183681488037
4,42,6903,158.0252468585968
4,43,7137,212.28939467668533
4,44,7381,220.30244934558868
4,45,7537,134.80989855527878
4,46,7696,138.07303273677826
4,47,7870,153.1330400109291
4,48,8044,153.09257864952087
4,49,8199,133.35755014419556
4,50,8699,485.87867200374603
4,51,8854,133.88481295108795
4,52,9163,286.1063053011894
4,53,9663,487.97762221097946
4,54,10163,495.8211252093315
4,55,10663,489.8383955359459
4,56,11163,485.4676253795624
4,57,11663,452.19994950294495
4,58,12163,477.5863316655159
4,59,12663,491.1458337903023
4,60,13163,493.26905673742294
4,61,13663,494.92420732975006
4,62,14163,481.79236775636673
4,63,14663,465.8147796392441
4,64,15163,463.0825513601303
4,65,15663,456.22775089740753
4,66,16163,451.32311660051346
4,67,16663,475.0938728451729
4,68,17163,479.18602657318115
4,69,17663,478.2552154660225
4,70,18163,485.58964943885803
4,71,18663,474.21836137771606
4,72,19163,462.75565975904465
4,73,19663,464.20793598890305
4,74,20163,475.62320989370346
4,75,20663,486.95582753419876
4,76,21163,492.3185493350029
4,77,21663,490.64320236444473
4,78,22163,488.18058478832245
4,79,22663,492.3046414256096
4,80,23163,493.00263690948486
4,81,23663,495.55027663707733
4,82,24163,497.29261833429337
4,83,24663,499.0404083132744
4,84,25163,496.08632403612137
4,85,25663,497.6776916384697
4,86,26163,496.51750284433365
4,87,26663,497.68053275346756
4,88,27163,497.88361543416977
4,89,27663,498.67793744802475
4,90,28163,498.0940575003624
4,91,28663,496.82054793834686
4,92,29163,496.0514817237854
4,93,29663,496.89747726917267
4,94,30163,496.11483830213547
4,95,30663,498.03937619924545
4,96,31163,497.6474812030792
4,97,31663,488.0898784995079
4,98,32163,490.6377898454666
4,99,32538,336.4842441678047
4,100,33038,482.1925397515297
4,101,33172,109.21335929632187
4,102,33672,446.6671563386917
4,103,34002,278.63183802366257
4,104,34140,104.21869122982025
4,105,34184,29.02208983898163
4,106,34671,421.76457166671753
4,107,35171,476.06129252910614
4,108,35582,369.124515414238
4,109,35821,215.17599540948868
4,110,35998,153.8514899611473
4,111,36155,133.8260941505432
4,112,36341,165.34433084726334
4,113,36532,166.84239929914474
4,114,37032,448.8169723749161
4,115,37532,474.2470528483391
4,116,38032,478.53819513320923
4,117,38532,495.75847202539444
4,118,39032,493.65509420633316
4,119,39532,465.93465954065323
4,120,39958,388.92910319566727
4,121,40458,486.9508598446846
4,122,40958,498.7738315463066
4,123,41458,495.42960995435715
4,124,41958,498.03902637958527
4,125,42458,492.0582607984543
4,126,42767,285.3733598589897
4,127,43036,240.70346063375473
4,128,43238,178.0107923746109
4,129,43434,167.99528121948242
4,130,43732,270.0296011567116
4,131,44165,403.212195456028
4,132,44640,423.1806349158287
4,133,45140,464.2182291150093
4,134,45309,138.5781300663948
4,135,45809,472.9783390760422
4,136,46238,390.12656712532043
4,137,46502,234.64566493034363
4,138,46711,182.52473109960556
4,139,46922,186.7081944346428
4,140,47177,227.40184754133224
4,141,47356,155.80857652425766
4,142,47558,178.97767335176468
4,143,47783,197.43781924247742
4,144,47945,137.9483786225319
4,145,48213,243.69467341899872
4,146,48493,252.20313465595245
4,147,48739,223.22208750247955
4,148,48958,196.9590523838997
4,149,49235,253.73314994573593
4,150,49735,496.0200711488724
4,151,50064,302.0205674171448
4,152,50564,485.1751594543457
4,153,51064,494.4191480278969
4,154,51512,419.0948557853699
4,155,51717,182.76333206892014
4,156,51898,160.21443742513657
4,157,52398,479.6200183033943
4,158,52898,474.91100430488586
4,159,53398,482.6360812187195
4,160,53898,494.3178668022156
4,161,54398,482.22321277856827
4,162,54898,484.73067516088486
4,163,55398,482.6883684396744
4,164,55898,476.1771265864372
4,165,56398,483.98028486967087
4,166,56898,493.42818599939346
4,167,57398,471.74165058135986
4,168,57643,215.27363717556
4,169,57866,196.70134615898132
4,170,58147,254.58020800352097
4,171,58647,493.96570777893066
4,172,59053,370.4015362262726
4,173,59553,470.0986495614052
4,174,60053,482.58433693647385
4,175,60553,465.32830226421356
4,176,61053,475.5445142388344
4,177,61553,495.3031136393547
4,178,62053,484.71330147981644
4,179,62553,473.74820762872696
4,180,63053,485.58665430545807
4,181,63553,488.48299926519394
4,182,64053,493.13744962215424
4,183,64553,491.9232203364372
4,184,65053,496.767874956131
4,185,65553,495.53400057554245
4,186,65909,331.615047454834
4,187,66154,220.10085541009903
4,188,66458,279.6204123497009
4,189,66958,493.2060942053795
4,190,67458,499.1196138262749
4,191,67958,499.00744587183
4,192,68458,497.48207861185074
4,193,68958,497.98946887254715
4,194,69458,497.5424767136574
4,195,69958,495.5386783480644
4,196,70458,495.3393722176552
4,197,70958,490.35667073726654
4,198,71458,495.30038648843765
4,199,71958,497.89721006155014
4,200,72458,494.1158062815666
5,1,20,5.926622986793518
5,2,35,2.531714677810669
5,3,48,1.1513522267341614
5,4,60,-0.19403523206710815
5,5,72,0.29538989067077637
5,6,91,6.8525108098983765
5,7,108,4.426604092121124
5,8,127,6.930249512195587
5,9,140,0.8954269886016846
5,10,156,3.163200795650482
5,11,204,30.90444701910019
5,12,227,10.986616373062134
5,13,254,11.357526957988739
5,14,280,13.215217113494873
5,15,291,-0.9701300263404846
5,16,300,-2.880773663520813
5,17,311,-1.1393770575523376
5,18,321,-1.5429812669754028
5,19,334,1.1161094307899475
5,20,346,-0.4943169355392456
5,21,370,10.047238886356354
5,22,383,0.3626004457473755
5,23,394,-0.6902238726615906
5,24,406,0.26854681968688965
5,25,430,12.22560840845108
5,26,443,1.096006989479065
5,27,467,10.721110880374908
5,28,475,-3.580196499824524
5,29,485,-1.7159681916236877
5,30,497,0.1286487579345703
5,31,528,17.598034143447876
5,32,574,31.363669633865356
5,33,827,231.5845497250557
5,34,1327,499.43156588077545
5,35,1797,434.06065624952316
5,36,2074,255.0573947429657
5,37,2238,141.22087186574936
5,38,2367,104.03693902492523
5,39,2488,93.93873792886734
5,40,2606,91.39725989103317
5,41,2729,95.18038469552994
5,42,2839,83.46087139844894
5,43,2952,87.52002173662186
5,44,3079,100.86963433027267
5,45,3204,99.02496200799942
5,46,3333,103.91419261693954
5,47,3516,161.02105110883713
5,48,3700,161.93858408927917
5,49,4200,475.27199268341064
5,50,4700,492.7702292203903
5,51,5200,462.754920065403
5,52,5390,168.38606697320938
5,53,5577,164.01747733354568
5,54,5804,204.66710793972015
5,55,6024,199.18694025278091
5,56,6313,263.13281524181366
5,57,6813,466.1097878217697
5,58,7313,470.6729613542557
5,59,7813,462.4687822461128
5,60,8313,461.67467921972275
5,61,8813,452.34530878067017
5,62,9083,246.85974723100662
5,63,9384,275.78478783369064
5,64,9884,480.94180130958557
5,65,10128,219.69002854824066
5,66,10628,467.3243426680565
5,67,11128,479.9966157078743
5,68,11628,485.59389436244965
5,69,12128,483.86469292640686
5,70,12628,484.4000225663185
5,71,13128,483.93711215257645
5,72,13628,484.59023040533066
5,73,14128,478.57817685604095
5,74,14628,483.43118673563004
5,75,15128,485.11297631263733
5,76,15628,487.22276371717453
5,77,16128,484.8320385813713
5,78,16628,482.874702334404
5,79,17128,483.95848470926285
5,80,17628,485.5654007792473
5,81,18128,478.1108738183975
5,82,18628,473.9305172562599
5,83,19128,466.8237770795822
5,84,19628,469.16755121946335
5,85,20128,458.64869314432144
5,86,20628,461.50743025541306
5,87,21128,466.7208023071289
5,88,21628,472.11313259601593
5,89,22128,467.2159180045128
5,90,22628,469.60611307621
5,91,23128,472.73845732212067
5,92,23628,474.855716586113
5,93,24128,473.5802404284477
5,94,24161,20.619416058063507
5,95,24661,479.6289194226265
5,96,25161,455.1515945196152
5,97,25356,166.68626940250397
5,98,25856,467.32631397247314
5,99,26356,464.69291561841965
5,100,26856,462.6340964436531
5,101,27356,463.12343925237656
5,102,27856,448.6936783194542
5,103,28356,456.52504456043243
5,104,28856,453.9754088521004
5,105,29356,447.0388695001602
5,106,29856,449.38582813739777
5,107,30356,447.71637523174286
5,108,30856,454.0614837408066
5,109,31356,452.59422236680984
5,110,31856,454.746806204319
5,111,32356,457.9523157477379
5,112,32856,468.13006633520126
5,113,33356,471.1655840277672
5,114,33856,472.88445633649826
5,115,34356,475.8494590520859
5,116,34856,480.0290187597275
5,117,35356,483.26863437891006
5,118,35856,482.2359085679054
5,119,36356,482.68983566761017
5,120,36856,478.52102422714233
5,121,37356,478.42774426937103
5,122,37856,475.0622075200081
5,123,38356,478.86825156211853
5,124,38856,483.1564912199974
5,125,39356,475.685689330101
5,126,39856,480.59761226177216
5,127,40356,491.0837024450302
5,128,40856,492.8883159160614
5,129,41356,485.6278771162033
5,130,41856,478.1324727535248
5,131,42356,480.7058210372925
5,132,42856,486.9385036230087
5,133,43356,484.3481989502907
5,134,43856,485.0004234313965
5,135,44199,312.5775853395462
5,136,44483,258.9562431573868
5,137,44983,479.19601821899414
5,138,45483,475.21259635686874
5,139,45983,480.4590741991997
5,140,46483,479.47628885507584
5,141,46983,486.9006537795067
5,142,47483,484.5190795660019
5,143,47983,484.51003980636597
5,144,48483,478.43688505887985
5,145,48983,473.4739810228348
5,146,49483,468.98403096199036
5,147,49983,472.13844561576843
5,148,50239,223.29001992940903
5,149,50491,211.97077280282974
5,150,50991,470.67827266454697
5,151,51491,469.1393265724182
5,152,51991,472.5520530343056
5,153,52491,460.16297125816345
5,154,52991,455.0183716416359
5,155,53491,453.9575462937355
5,156,53991,458.23722594976425
5,157,54491,473.527558863163
5,158,54991,464.0274330973625
5,159,55491,471.31281197071075
5,160,55991,458.26791220903397
5,161,56491,466.32992511987686
5,162,56991,463.9792445898056
5,163,57491,465.38771456480026
5,164,57991,472.2625334262848
5,165,58491,482.22756546735764
5,166,58991,485.8048015832901
5,167,59491,481.48101711273193
5,168,59991,484.0810152888298
5,169,60491,482.04198014736176
5,170,60991,486.26492631435394
5,171,61491,475.1293247938156
5,172,61790,264.8765681385994
5,173,62290,475.16198605298996
5,174,62790,485.650038421154
5,175,63091,257.2336474061012
5,176,63591,463.7420036792755
5,177,63867,214.21899884939194
5,178,64163,244.92199850082397
5,179,64289,100.71207267045975
5,180,64564,214.04669708013535
5,181,65064,461.2095534801483
5,182,65564,475.3821058869362
5,183,66064,475.6652719974518
5,184,66564,475.7429139614105
5,185,67064,470.87391269207
5,186,67564,475.0889487862587
5,187,67880,278.0231969356537
5,188,68309,394.2956640124321
5,189,68558,226.36841905117035
5,190,69058,480.6941194534302
5,191,69381,286.5019960999489
5,192,69881,487.9316295981407
5,193,70381,491.2171804904938
5,194,70881,481.8972177505493
5,195,71381,470.8170000910759
5,196,71881,466.0717351436615
5,197,72381,483.1390119791031
5,198,72865,442.0311579108238
5,199,73340,440.9010384082794
5,200,73631,261.69205260276794
6,1,13,0.8865929841995239
6,2,48,22.64475929737091
6,3,69,8.24701327085495
6,4,78,-2.583463490009308
6,5,103,12.939037084579468
6,6,158,36.65328586101532
6,7,190,16.729223370552063
6,8,220,17.622744977474213
6,9,241,9.385300636291504
6,10,257,3.3460234999656677
6,11,293,22.910930633544922
6,12,317,11.822086453437805
6,13,348,18.219089210033417
6,14,730,351.34706622362137
6,15,1230,477.6196421980858
6,16,1730,495.81071627140045
6,17,2230,494.096658885479
6,18,2730,494.36458271741867
6,19,3012,258.11763525009155
6,20,3253,217.82123869657516
6,21,3753,481.87585854530334
6,22,4253,483.56821805238724
6,23,4479,201.80653017759323
6,24,4979,479.33888721466064
6,25,5194,188.4821150302887
6,26,5452,226.40913939476013
6,27,5952,477.7642979621887
6,28,6192,214.11691415309906
6,29,6545,312.8391583561897
6,30,7045,477.74669283628464
6,31,7545,483.6385809779167
6,32,8045,487.5410648584366
6,33,8337,250.7989925146103
6,34,8837,468.7155206799507
6,35,9331,463.7939550280571
6,36,9603,248.02461689710617
6,37,9820,194.84166580438614
6,38,9992,150.6525433063507
6,39,10189,173.75655019283295
6,40,10378,165.92555099725723
6,41,10560,158.66941511631012
6,42,10805,215.00288951396942
6,43,11031,195.00047022104263
6,44,11207,152.32257652282715
6,45,11614,367.0512908101082
6,46,11960,304.4928544163704
6,47,12460,473.8018949627876
6,48,12960,463.6163001060486
6,49,13460,478.74893921613693
6,50,13960,494.55385863780975
6,51,14460,485.4209401011467
6,52,14960,483.5716859102249
6,53,15460,488.83894884586334
6,54,15960,493.6929609775543
6,55,16460,494.2637558579445
6,56,16960,489.19682878255844
6,57,17460,492.9958079457283
6,58,17960,495.3941923379898
6,59,18424,431.39924943447113
6,60,18924,493.97912216186523
6,61,19424,493.640089571476
6,62,19924,495.2202517390251
6,63,20424,496.3049449324608
6,64,20924,490.0278462767601
6,65,21424,480.5205570459366
6,66,21834,370.50496166944504
6,67,22230,365.90354400873184
6,68,22591,327.9076167345047
6,69,23091,485.46685630083084
6,70,23591,491.2181277871132
6,71,24091,485.4826685190201
6,72,24591,487.3837419748306
6,73,25091,494.46006059646606
6,74,25591,491.5850014090538
6,75,25964,343.8533700108528
6,76,26299,306.6474731564522
6,77,26665,339.82536232471466
6,78,26980,289.84264945983887
6,79,27417,407.8243011236191
6,80,27751,304.7576845884323
6,81,28073,294.16244357824326
6,82,28350,249.42434364557266
6,83,28631,253.480089366436
6,84,28976,314.104715526104
6,85,29423,407.47271752357483
6,86,29802,345.56368058919907
6,87,30194,358.1753038764
6,88,30694,479.4126646518707
6,89,31194,491.7954880595207
6,90,31694,475.76096987724304
6,91,32194,484.9969405531883
6,92,32694,497.8105375766754
6,93,33194,496.56136602163315
6,94,33694,481.2962723374367
6,95,34194,495.73788541555405
6,96,34694,496.62984508275986
6,97,35194,498.2858872413635
6,98,35694,492.1436738371849
6,99,36194,488.9650319814682
6,100,36694,494.1817981004715
6,101,37194,496.87082386016846
6,102,37694,496.64188355207443
6,103,38194,494.45218509435654
6,104,38694,491.1498176455498
6,105,39194,493.0786603689194
6,106,39694,488.4038345217705
6,107,39989,275.7448189854622
6,108,40089,86.30129826068878
6,109,40128,27.441023349761963
6,110,40139,-0.5047786831855774
6,111,40202,49.26162397861481
6,112,40265,50.18885254859924
6,113,40286,9.059251964092255
6,114,40295,-2.6105604767799377
6,115,40305,-1.642286479473114
6,116,40327,7.158554375171661
6,117,40336,-3.0824400782585144
6,118,40346,-1.9684438705444336
6,119,40357,-0.9557496905326843
6,120,40366,-2.9783384799957275
6,121,40377,-1.2383365631103516
6,122,40389,-0.4048764705657959
6,123,40399,-2.2960245013237
6,124,40409,-2.233344852924347
6,125,40420,-1.2919262051582336
6,126,40430,-2.3051119446754456
6,127,40442,-0.7883820533752441
6,128,40456,1.3495461344718933
6,129,40467,-1.4947695136070251
6,130,40481,1.3744559288024902
6,131,40494,0.18250036239624023
6,132,40507,0.20197445154190063
6,133,40522,1.5441887974739075
6,134,40537,1.5887563824653625
6,135,40554,3.7253138422966003
6,136,40571,3.7709309458732605
6,137,40585,0.6560380458831787
6,138,40604,5.069030702114105
6,139,40623,5.230578541755676
6,140,40639,1.8871611952781677
6,141,40654,1.5290924310684204
6,142,40670,1.8834589123725891
6,143,40688,3.9497122764587402
6,144,40706,3.646933376789093
6,145,40722,2.349341630935669
6,146,40740,3.6790595054626465
6,147,40762,7.305047333240509
6,148,40780,4.144685804843903
6,149,40799,5.193019211292267
6,150,40817,3.635801613330841
6,151,40837,6.008061587810516
6,152,40855,3.468332827091217
6,153,40875,5.419523775577545
6,154,40897,7.3550363183021545
6,155,40918,5.787885785102844
6,156,40934,2.14686119556427
6,157,40952,3.663961112499237
6,158,40970,4.093101620674133
6,159,40994,8.81713205575943
6,160,41016,7.376980423927307
6,161,41036,5.728919982910156
6,162,41058,7.096080482006073
6,163,41080,7.119678854942322
6,164,41101,6.631119430065155
6,165,41124,6.901154160499573
6,166,41144,5.677797913551331
6,167,41169,9.918562233448029
6,168,41189,5.600029170513153
6,169,41220,14.93424904346466
6,170,41245,9.706150531768799
6,171,41278,17.50157779455185
6,172,41337,43.37581694126129
6,173,41571,207.2880272269249
6,174,41938,346.0545303821564
6,175,42205,244.51286453008652
6,176,42568,337.3119041919708
6,177,43068,499.19281846284866
6,178,43568,470.6919899582863
6,179,44007,413.66397136449814
6,180,44347,313.7956067919731
6,181,44597,228.0930730700493
6,182,44843,225.19134283065796
6,183,45048,183.42712146043777
6,184,45225,155.1457946896553
6,185,45394,146.81792396306992
6,186,45557,139.5954146385193
6,187,45706,126.95386475324631
6,188,45832,100.47818744182587
6,189,45947,89.08768570423126
6,190,46012,45.21999228000641
6,191,46126,88.8847234249115
6,192,46241,90.71470367908478
6,193,46356,89.78056865930557
6,194,46475,92.34369492530823
6,195,46592,92.545150578022
6,196,46701,83.47498524188995
6,197,46806,77.56405484676361
6,198,46864,37.94497591257095
6,199,46969,80.32867503166199
6,200,47079,85.84483939409256
7,1,58,38.01537102460861
7,2,75,4.210088312625885
7,3,89,2.087862253189087
7,4,101,0.17972445487976074
7,5,121,7.460159718990326
7,6,171,36.756183207035065
7,7,207,22.04810106754303
7,8,219,-0.07155436277389526
7,9,234,3.1076720356941223
7,10,260,13.05162888765335
7,11,276,3.3515347242355347
7,12,287,-0.8450533151626587
7,13,319,19.173830807209015
7,14,337,4.111307859420776
7,15,351,1.2011570930480957
7,16,371,7.988508999347687
7,17,391,8.025112867355347
7,18,400,-2.8820557594299316
7,19,412,-0.009377241134643555
7,20,424,0.08588266372680664
7,21,435,-1.1892980933189392
7,22,448,1.1459076404571533
7,23,457,-2.7506273984909058
7,24,466,-2.511273145675659
7,25,475,-2.565169930458069
7,26,486,-0.9996169209480286
7,27,497,-0.676705539226532
7,28,508,-0.7883034348487854
7,29,539,15.065408885478973
7,30,560,9.102618098258972
7,31,809,223.33774495124817
7,32,1309,494.9263455271721
7,33,1567,236.69796174764633
7,34,1829,240.24948865175247
7,35,2116,263.04314321279526
7,36,2268,128.0589998960495
7,37,2393,98.43044936656952
7,38,2503,81.90017622709274
7,39,2619,87.11783862113953
7,40,2749,98.79859611392021
7,41,2886,109.87667608261108
7,42,3233,303.3889776468277
7,43,3407,148.0586611032486
7,44,3606,173.9526904821396
7,45,4106,467.334905564785
7,46,4549,399.32857275009155
7,47,5049,453.7846472263336
7,48,5329,246.06486129760742
7,49,5772,407.4790463447571
7,50,5987,188.5323616862297
7,51,6183,166.64686048030853
7,52,6355,144.73916894197464
7,53,6511,132.79242926836014
7,54,6725,188.5202692747116
7,55,7225,461.08849400281906
7,56,7416,166.11433160305023
7,57,7653,209.71599286794662
7,58,7888,206.21004110574722
7,59,8072,158.0557724237442
7,60,8327,225.02583342790604
7,61,8615,259.2505723834038
7,62,8921,270.4246960282326
7,63,9119,172.59102469682693
7,64,9314,170.51829880475998
7,65,9546,205.97483670711517
7,66,9867,293.87160164117813
7,67,10141,245.39680486917496
7,68,10423,256.2317796945572
7,69,10923,492.7186040878296
7,70,11423,491.41022968292236
7,71,11923,495.4520303606987
7,72,12423,496.3116703033447
7,73,12923,496.0853282213211
7,74,13423,495.24709141254425
7,75,13923,490.87713384628296
7,76,14303,343.3793307542801
7,77,14676,336.52077317237854
7,78,15176,490.8885628581047
7,79,15676,487.9667797088623
7,80,16176,484.11014753580093
7,81,16676,484.2624182701111
7,82,17176,459.24855226278305
7,83,17676,477.7620992064476
7,84,18176,483.26823103427887
7,85,18676,484.0897697210312
7,86,19176,484.49192386865616
7,87,19676,477.5983285307884
7,88,20176,491.0105130672455
7,89,20676,489.0723603963852
7,90,21176,485.6291264295578
7,91,21676,490.7216183543205
7,92,22176,486.681190431118
7,93,22676,473.2456604838371
7,94,23176,476.0508940219879
7,95,23676,474.3448483347893
7,96,24176,489.2591282129288
7,97,24676,478.7191962003708
7,98,25176,468.2445319890976
7,99,25676,462.83183151483536
7,100,26176,460.60173374414444
7,101,26676,464.55556946992874
7,102,26744,47.49308478832245
7,103,27244,474.40529042482376
7,104,27744,479.7774410843849
7,105,28244,453.83883595466614
7,106,28695,399.3348472714424
7,107,29195,468.58905881643295
7,108,29695,466.60467118024826
7,109,30195,475.1903998851776
7,110,30695,475.2337169647217
7,111,31195,480.1185647249222
7,112,31695,482.1818668246269
7,113,32195,473.4291294813156
7,114,32695,478.6854218840599
7,115,33195,484.86113595962524
7,116,33695,484.15314412117004
7,117,34195,469.3945308327675
7,118,34695,487.0706447958946
7,119,35195,475.1909689307213
7,120,35600,374.87225157022476
7,121,36100,480.3136675953865
7,122,36600,463.8139600157738
7,123,37100,471.17929089069366
7,124,37600,474.9383766055107
7,125,38100,470.01184886693954
7,126,38294,167.15605384111404
7,127,38655,319.4740335345268
7,128,38880,196.25949716567993
7,129,39186,274.6208867430687
7,130,39654,413.0861613750458
7,131,40154,435.7725874185562
7,132,40654,439.5557641386986
7,133,41154,442.6558864712715
7,134,41490,292.55053132772446
7,135,41990,466.2056933641434
7,136,42490,477.2214099764824
7,137,42990,475.0124645829201
7,138,43490,461.26433950662613
7,139,43990,472.84714382886887
7,140,44475,427.147198677063
7,141,44975,447.92609268426895
7,142,44995,6.283174753189087
7,143,45043,32.13781821727753
7,144,45062,4.79174929857254
7,145,45109,31.37420380115509
7,146,45126,4.041696488857269
7,147,45141,1.9074704051017761
7,148,45157,2.476820647716522
7,149,45173,3.114793837070465
7,150,45281,76.90331262350082
7,151,45368,52.23736745119095
7,152,45492,85.39795106649399
7,153,45679,155.71387004852295
7,154,45856,147.80245131254196
7,155,45976,95.30771523714066
7,156,46090,87.37349820137024
7,157,46222,108.24485701322556
7,158,46347,98.71619528532028
7,159,46464,88.9329481124878
7,160,46567,74.62633407115936
7,161,46680,84.32358020544052
7,162,46802,93.63926655054092
7,163,46933,101.87691164016724
7,164,47065,106.03293985128403
7,165,47270,178.4884995818138
7,166,47648,344.0243037343025
7,167,47841,169.48613876104355
7,168,48073,207.81436783075333
7,169,48202,104.13735616207123
7,170,48378,151.02701312303543
7,171,48593,189.3805075287819
7,172,48777,158.39579731225967
7,173,48921,117.55983471870422
7,174,49098,147.96756434440613
7,175,49263,139.76693606376648
7,176,49423,134.13045799732208
7,177,49641,182.04884666204453
7,178,49844,179.58743852376938
7,179,50094,221.87773311138153
7,180,50291,172.65855360031128
7,181,50488,171.4192857146263
7,182,50681,167.00971817970276
7,183,50967,244.81466102600098
7,184,51229,231.1914479136467
7,185,51400,148.55554473400116
7,186,51439,22.726596295833588
7,187,51554,84.9035758972168
7,188,51752,171.53190153837204
7,189,52252,468.968353331089
7,190,52752,458.16293090581894
7,191,53252,464.20092487335205
7,192,53686,389.43276274204254
7,193,54186,474.7008682489395
7,194,54686,478.79406476020813
7,195,55186,487.3415349125862
7,196,55686,491.48574262857437
7,197,56186,495.1460878252983
7,198,56686,489.29496639966965
7,199,57186,492.1536758542061
7,200,57647,422.93812668323517
8,1,13,1.0517606735229492
8,2,35,9.917981326580048
8,3,71,22.233971118927002
8,4,82,-0.9928000569343567
8,5,144,49.31001180410385
8,6,180,21.458467304706573
8,7,227,33.22707521915436
8,8,237,-2.17356938123703
8,9,250,0.9704046249389648
8,10,265,2.5706300735473633
8,11,286,8.863412201404572
8,12,295,-3.056469142436981
8,13,310,3.0140273571014404
8,14,321,-0.6619817614555359
8,15,356,22.37162548303604
8,16,365,-2.961674213409424
8,17,379,2.3227906227111816
8,18,400,6.902606844902039
8,19,433,19.3291032910347
8,20,444,-1.1216933727264404
8,21,456,0.06077241897583008
8,22,480,11.081749200820923
8,23,738,230.85305082798004
8,24,991,231.5815554857254
8,25,1188,173.76658195257187
8,26,1457,244.5948647260666
8,27,1857,377.0873661637306
8,28,2063,185.60010582208633
8,29,2361,237.5773600935936
8,30,2526,140.62011468410492
8,31,2685,135.6186215877533
8,32,2828,119.19574809074402
8,33,2964,112.95422732830048
8,34,3117,126.4489631652832
8,35,3246,106.0746677517891
8,36,3368,99.79854446649551
8,37,3492,101.36266642808914
8,38,3624,108.92011964321136
8,39,3759,112.90378600358963
8,40,3919,138.044708609581
8,41,4103,162.82551860809326
8,42,4289,164.9770832657814
8,43,4466,155.2819049358368
8,44,4700,211.64815151691437
8,45,4895,173.26404309272766
8,46,5085,166.61176598072052
8,47,5237,129.27264660596848
8,48,5416,156.9123102426529
8,49,5583,145.2257394194603
8,50,5812,206.76646173000336
8,51,6141,306.7591608762741
8,52,6380,216.5849021077156
8,53,6616,214.3812140226364
8,54,6789,151.39735907316208
8,55,6969,158.21145409345627
8,56,7189,198.43154817819595
8,57,7450,239.0919640660286
8,58,7708,236.31969392299652
8,59,8015,285.39444226026535
8,60,8307,270.50292563438416
8,61,8583,252.73625284433365
8,62,8903,297.61309945583344
8,63,9403,482.55583131313324
8,64,9755,327.98796486854553
8,65,10212,424.8480679988861
8,66,10497,262.39791572093964
8,67,10997,493.02070730924606
8,68,11450,420.9562027454376
8,69,11950,486.15862238407135
8,70,12450,473.20582687854767
8,71,12950,482.0648078918457
8,72,13450,486.83894658088684
8,73,13950,488.1067614555359
8,74,14450,488.0347334742546
8,75,14950,487.3998928666115
8,76,15450,485.98691964149475
8,77,15950,488.09031891822815
8,78,16450,480.63443434238434
8,79,16950,482.5720167160034
8,80,17450,471.4476258158684
8,81,17950,475.23000609874725
8,82,18450,472.83504778146744
8,83,18950,452.49849969148636
8,84,19450,465.5957496166229
8,85,19891,408.0560448169708
8,86,20391,480.9170596599579
8,87,20891,484.94425827264786
8,88,21391,482.6500531435013
8,89,21891,488.42934823036194
8,90,22391,488.35890966653824
8,91,22891,479.96039313077927
8,92,23156,232.69817608594894
8,93,23476,272.23760986328125
8,94,23976,455.53753954172134
8,95,24476,458.903726041317
8,96,24976,463.0866873264313
8,97,25476,480.71250385046005
8,98,25976,473.64060217142105
8,99,26233,226.86461180448532
8,100,26733,466.02248191833496
8,101,27233,455.27583664655685
8,102,27733,484.9525290131569
8,103,28233,476.35745108127594
8,104,28733,475.1494722366333
8,105,29233,488.7503564953804
8,106,29733,484.40827721357346
8,107,30233,484.7339642047882
8,108,30733,487.8545153141022
8,109,31052,290.55908727645874
8,110,31552,488.5516209602356
8,111,32052,484.8770508170128
8,112,32552,483.0601047873497
8,113,33015,430.7408781647682
8,114,33515,484.75149780511856
8,115,34015,481.49787813425064
8,116,34515,493.35579335689545
8,117,35015,492.64625173807144
8,118,35515,486.12684029340744
8,119,36015,489.4415953755379
8,120,36515,490.8874151110649
8,121,37015,491.5907321572304
8,122,37515,489.8864200115204
8,123,38015,492.36537343263626
8,124,38515,495.4029213786125
8,125,39015,491.247874379158
8,126,39515,482.81690752506256
8,127,40015,494.04943096637726
8,128,40515,467.8194436430931
8,129,41015,476.8491265177727
8,130,41515,468.3047842979431
8,131,42015,485.70706033706665
8,132,42273,234.22966957092285
8,133,42773,474.08695763349533
8,134,43273,496.90542912483215
8,135,43709,406.58136945962906
8,136,44130,389.703527033329
8,137,44630,479.6413578391075
8,138,45130,477.5298225283623
8,139,45630,486.53345561027527
8,140,46130,483.4991250038147
8,141,46630,490.3814437389374
8,142,47130,490.85037660598755
8,143,47630,487.65111327171326
8,144,48130,476.2337429523468
8,145,48630,483.6213031411171
8,146,49130,483.3254007101059
8,147,49630,491.2637456059456
8,148,50130,490.2990655899048
8,149,50630,491.16864877939224
8,150,51130,485.2823036313057
8,151,51320,165.23725187778473
8,152,51488,142.79332900047302
8,153,51611,99.04867327213287
8,154,51718,82.78288948535919
8,155,51843,101.78883409500122
8,156,51968,101.53538244962692
8,157,52093,101.09832459688187
8,158,52255,136.3582884967327
8,159,52433,144.59303224086761
8,160,52561,108.14996534585953
8,161,52580,4.326816618442535
8,162,52602,9.28367030620575
8,163,52618,1.7964587211608887
8,164,52635,3.455163598060608
8,165,53135,470.6467777490616
8,166,53635,496.71425276994705
8,167,54135,487.15603494644165
8,168,54635,486.95666056871414
8,169,55135,480.07468062639236
8,170,55458,281.12636375427246
8,171,55958,475.9399110674858
8,172,56061,80.77036565542221
8,173,56202,119.93137460947037
8,174,56702,487.12602257728577
8,175,57142,400.3371876478195
8,176,57642,453.55140537023544
8,177,58142,490.03562730550766
8,178,58642,487.1271315217018
8,179,59142,494.9134628176689
8,180,59642,494.0011097192764
8,181,60142,490.2183863520622
8,182,60642,475.6297518014908
8,183,61142,477.26520931720734
8,184,61477,294.31646806001663
8,185,61977,468.74846398830414
8,186,62477,485.43704253435135
8,187,62866,353.7772777080536
8,188,63149,254.45304763317108
8,189,63443,265.04062581062317
8,190,63698,227.46678864955902
8,191,63975,249.381083548069
8,192,64475,438.6924578547478
8,193,64975,457.90074133872986
8,194,65475,448.9134359359741
8,195,65975,469.56219363212585
8,196,66266,265.1284511089325
8,197,66766,488.68772625923157
8,198,67266,486.68770933151245
8,199,67766,493.73822551965714
8,200,68266,496.0455230474472
9,1,13,0.6221524477005005
9,2,31,6.104651570320129
9,3,41,-1.8176472783088684
9,4,61,7.116565585136414
9,5,82,7.9434821009635925
9,6,95,0.9640955328941345
9,7,120,12.453355610370636
9,8,145,12.185894131660461
9,9,179,21.201202869415283
9,10,190,-0.6076595187187195
9,11,206,3.8565467596054077
9,12,219,0.9615761637687683
9,13,232,0.8189777731895447
9,14,257,12.077355921268463
9,15,272,2.674662709236145
9,16,295,11.054464340209961
9,17,304,-2.685520887374878
9,18,315,-1.3056800365447998
9,19,326,-0.8206276297569275
9,20,341,2.7803686261177063
9,21,351,-2.0626677870750427
9,22,614,231.8721576333046
9,23,867,231.2111982703209
9,24,1062,173.18522208929062
9,25,1562,467.43016797304153
9,26,1910,289.94681107997894
9,27,2137,205.2210795879364
9,28,2393,233.26166224479675
9,29,2638,224.00450599193573
9,30,2997,334.6892231106758
9,31,3275,256.79506808519363
9,32,3419,122.32092732191086
9,33,3582,141.34114956855774
9,34,3736,132.6241255402565
9,35,3870,111.73635119199753
9,36,4016,124.22113209962845
9,37,4179,140.7965710759163
9,38,4333,132.36755549907684
9,39,4512,157.15950959920883
9,40,4713,178.20565104484558
9,41,4944,207.6965080499649
9,42,5214,245.766235768795
9,43,5499,262.7026162147522
9,44,5740,219.05409634113312
9,45,6009,247.07686710357666
9,46,6364,331.8659891486168
9,47,6696,309.5363858938217
9,48,6995,276.69765907526016
9,49,7264,245.6543603539467
9,50,7675,358.9400356411934
9,51,7948,249.82760173082352
9,52,8164,194.08688461780548
9,53,8369,182.4570733308792
9,54,8603,209.08764618635178
9,55,8817,191.71543383598328
9,56,9070,231.7518665790558
9,57,9459,365.92897951602936
9,58,9866,382.6531507372856
9,59,10366,496.4496286511421
9,60,10866,496.682210624218
9,61,11366,494.1762282848358
9,62,11866,492.92303717136383
9,63,12366,493.8515809774399
9,64,12866,497.419959127903
9,65,13366,495.12399154901505
9,66,13866,498.5145351290703
9,67,14366,494.1447447538376
9,68,14866,487.2082951068878
9,69,15366,489.5725065469742
9,70,15866,477.9434457421303
9,71,16366,465.1556438803673
9,72,16866,480.72323006391525
9,73,17366,496.4060376882553
9,74,17866,495.99761831760406
9,75,18366,493.1524784564972
9,76,18866,495.0678409934044
9,77,19366,492.72782403230667
9,78,19866,493.9737286567688
9,79,20366,498.1365515589714
9,80,20866,496.39366537332535
9,81,21366,497.5368314385414
9,82,21866,498.6580194234848
9,83,22366,498.09993171691895
9,84,22866,465.7206330895424
9,85,23316,412.93195229768753
9,86,23816,473.9132418036461
9,87,24316,478.28322672843933
9,88,24816,498.9447627067566
9,89,25316,497.8474375009537
9,90,25816,489.03099697828293
9,91,26316,484.6258735656738
9,92,26816,494.4845654964447
9,93,27316,489.7635054588318
9,94,27816,497.432386636734
9,95,28316,493.86329531669617
9,96,28816,493.91691744327545
9,97,29316,487.5653674006462
9,98,29816,485.70896261930466
9,99,30316,481.15646600723267
9,100,30816,490.22314685583115
9,101,31316,482.8221634030342
9,102,31816,477.780611038208
9,103,32316,477.0381318330765
9,104,32816,477.777157664299
9,105,33316,474.4565561413765
9,106,33816,464.95567631721497
9,107,34316,465.56555062532425
9,108,34816,465.37195962667465
9,109,35316,464.6867094039917
9,110,35816,484.18617498874664
9,111,36316,497.3864892721176
9,112,36671,326.23540288209915
9,113,37068,362.47389847040176
9,114,37568,455.09908509254456
9,115,38068,465.5307167172432
9,116,38394,292.0130403637886
9,117,38591,173.89946454763412
9,118,38799,182.7380051612854
9,119,39299,456.4390444755554
9,120,39593,267.8747487664223
9,121,40001,377.64645570516586
9,122,40286,259.67387223243713
9,123,40786,499.0152240395546
9,124,41286,486.25046467781067
9,125,41786,497.70855832099915
9,126,42286,495.6939569711685
9,127,42786,498.6661329269409
9,128,43286,483.3466334939003
9,129,43786,496.9272168278694
9,130,44286,496.6370287537575
9,131,44786,498.80673682689667
9,132,45286,498.8381877541542
9,133,45786,498.1350610256195
9,134,46286,498.52679681777954
9,135,46786,498.3270089626312
9,136,47286,498.97318184375763
9,137,47786,491.33522510528564
9,138,48286,495.2349900007248
9,139,48786,497.9966971874237
9,140,49286,498.05689150094986
9,141,49786,498.2640143632889
9,142,50286,484.2555277943611
9,143,50786,497.25180596113205
9,144,51286,499.30655950307846
9,145,51714,399.4908767938614
9,146,52214,487.0301142334938
9,147,52616,374.480321764946
9,148,52980,335.795172393322
9,149,53374,366.8433956503868
9,150,53756,354.07963263988495
9,151,54201,412.3260825872421
9,152,54600,368.69409716129303
9,153,54970,338.2207523584366
9,154,55338,335.9239191412926
9,155,55635,271.08999013900757
9,156,56072,409.5121023654938
9,157,56572,497.1475848555565
9,158,56996,393.729831635952
9,159,57341,316.1540279984474
9,160,57841,449.08889293670654
9,161,58127,256.94359731674194
9,162,58340,188.53523069620132
9,163,58840,467.8369014263153
9,164,59340,482.63688480854034
9,165,59840,456.84805285930634
9,166,60340,488.34881567955017
9,167,60840,478.17028707265854
9,168,61340,467.0090112090111
9,169,61840,472.2799269556999
9,170,62340,493.317343711853
9,171,62840,495.6888100504875
9,172,63340,497.69233959913254
9,173,63840,497.92545396089554
9,174,64340,494.4224253296852
9,175,64840,484.54066210985184
9,176,64858,3.724215030670166
9,177,64872,0.5918830633163452
9,178,65372,483.1321666240692
9,179,65872,489.5782290697098
9,180,66372,496.3429804444313
9,181,66872,485.22760075330734
9,182,67372,483.60766154527664
9,183,67872,470.92932176589966
9,184,68038,143.79230558872223
9,185,68538,467.1849471926689
9,186,69038,473.8354005217552
9,187,69538,481.9965490102768
9,188,70038,480.8935998082161
9,189,70538,474.9951374530792
9,190,71038,472.8476329445839
9,191,71538,470.07012981176376
9,192,72038,451.9296946525574
9,193,72538,455.2143485546112
9,194,73038,449.2552532553673
9,195,73538,442.2570384144783
9,196,74038,471.7679332494736
9,197,74230,161.68786525726318
9,198,74378,122.83181869983673
9,199,74878,446.8455055952072
9,200,75378,442.0544345974922
10,1,21,8.284134924411774
10,2,45,11.624749064445496
10,3,59,1.6600337624549866
10,4,70,-1.030182421207428
10,5,106,23.310647428035736
10,6,124,5.88326108455658
10,7,137,0.7909502387046814
10,8,160,10.195013701915741
10,9,184,11.233472049236298
10,10,205,7.631803572177887
10,11,252,33.35762995481491
10,12,352,77.5723237991333
10,13,377,10.400397598743439
10,14,403,9.505406618118286
10,15,440,24.60862237215042
10,16,477,23.389711439609528
10,17,490,0.8730829954147339
10,18,666,148.23823845386505
10,19,889,202.0020495057106
10,20,1089,179.13299012184143
10,21,1259,148.68783974647522
10,22,1424,143.07278829813004
10,23,1620,174.33464419841766
10,24,1804,162.33634388446808
10,25,2005,179.44245564937592
10,26,2203,176.85932284593582
10,27,2423,198.59662252664566
10,28,2660,215.40582883358002
10,29,2890,208.03069180250168
10,30,3390,497.3310707807541
10,31,3759,334.00785130262375
10,32,3881,97.64818638563156
10,33,4009,103.41798573732376
10,34,4124,90.70294362306595
10,35,4253,103.60854649543762
10,36,4376,96.95385199785233
10,37,4499,96.6043552160263
10,38,4629,104.76911872625351
10,39,4772,115.89469945430756
10,40,4904,106.21364951133728
10,41,5029,98.69716918468475
10,42,5177,122.97275769710541
10,43,5293,90.05622041225433
10,44,5418,98.52155786752701
10,45,5536,91.2673190832138
10,46,5648,84.72199267148972
10,47,5761,85.1284646987915
10,48,5879,91.12085789442062
10,49,6004,98.50478160381317
10,50,6127,96.34865063428879
10,51,6241,87.76763272285461
10,52,6343,73.73124086856842
10,53,6458,86.88801693916321
10,54,6564,78.8644391298294
10,55,6690,98.50049060583115
10,56,6804,87.46609419584274
10,57,6916,86.35858428478241
10,58,7092,150.43372255563736
10,59,7219,100.72180539369583
10,60,7338,92.4593563079834
10,61,7469,105.81666970252991
10,62,7611,116.73761409521103
10,63,7728,91.61330193281174
10,64,7855,102.63609421253204
10,65,8000,119.41478633880615
10,66,8133,107.47423040866852
10,67,8312,155.74237394332886
10,68,8498,160.0861595273018
10,69,8719,193.75712102651596
10,70,9096,346.13837695121765
10,71,9522,397.3576407432556
10,72,9981,429.61827141046524
10,73,10481,468.9024385213852
10,74,10981,475.2798539996147
10,75,11481,474.083769261837
10,76,11981,462.4765908718109
10,77,12481,466.5648185014725
10,78,12981,466.29798793792725
10,79,13481,473.0684366822243
10,80,13981,474.3968987464905
10,81,14481,476.3597140908241
10,82,14981,476.89760249853134
10,83,15481,475.0426543354988
10,84,15981,476.113992869854
10,85,16481,476.7766130566597
10,86,16981,474.67085433006287
10,87,17481,459.73847383260727
10,88,17981,484.26812767982483
10,89,18481,482.8230257630348
10,90,18981,498.66154634952545
10,91,19481,475.80548453330994
10,92,19981,487.20094978809357
10,93,20481,492.77925431728363
10,94,20981,485.33764588832855
10,95,21481,481.8338152766228
10,96,21981,485.3413188457489
10,97,22481,481.30372554063797
10,98,22981,471.3547959327698
10,99,23187,185.98216485977173
10,100,23687,474.7922639846802
10,101,24187,480.1416009068489
10,102,24687,460.5224419236183
10,103,24916,204.43378388881683
10,104,25416,497.90814089775085
10,105,25916,498.19711166620255
10,106,26416,499.19748228788376
10,107,26916,496.90300303697586
10,108,27416,496.86236196756363
10,109,27916,496.44023537635803
10,110,28416,494.0643990635872
10,111,28916,492.8487775325775
10,112,29416,491.3469366431236
10,113,29916,491.7164543271065
10,114,30416,488.84305053949356
10,115,30916,487.7304372191429
10,116,31416,492.4184326529503
10,117,31916,493.4738811850548
10,118,32416,491.68243408203125
10,119,32565,114.09078538417816
10,120,33065,495.232642352581
10,121,33565,497.8442603945732
10,122,34065,495.6452699303627
10,123,34565,496.3182482123375
10,124,35065,493.7422158718109
10,125,35565,494.7423915863037
10,126,36065,495.44337689876556
10,127,36565,496.42595648765564
10,128,37065,496.53323566913605
10,129,37565,498.60601657629013
10,130,38065,494.92397969961166
10,131,38565,494.70401537418365
10,132,39065,495.17808598279953
10,133,39565,499.14293295145035
10,134,40065,498.8034201860428
10,135,40565,497.72275471687317
10,136,41065,495.3007925748825
10,137,41565,497.9082601070404
10,138,42065,491.5591171383858
10,139,42565,495.6788578033447
10,140,43065,491.720661342144
10,141,43565,485.6188945174217
10,142,44065,493.533829331398
10,143,44565,491.23027473688126
10,144,45065,485.98655980825424
10,145,45565,494.01633191108704
10,146,46065,484.25348204374313
10,147,46565,481.1465617418289
10,148,47065,482.5511398911476
10,149,47565,483.97324085235596
10,150,47824,230.37491607666016
10,151,48324,476.6701828241348
10,152,48824,458.0979444384575
10,153,49324,483.80230140686035
10,154,49824,473.55000841617584
10,155,50324,480.16281139850616
10,156,50824,477.0995543003082
10,157,51324,481.50404500961304
10,158,51824,488.3378061056137
10,159,52324,486.65859937667847
10,160,52824,486.90770667791367
10,161,53324,473.8352452516556
10,162,53824,480.6447624564171
10,163,54241,380.97109961509705
10,164,54741,472.42937326431274
10,165,55241,463.3210125565529
10,166,55741,461.021655857563
10,167,56241,473.31777983903885
10,168,56741,478.14547169208527
10,169,57241,475.25865310430527
10,170,57741,473.9274011850357
10,171,58241,478.66982865333557
10,172,58741,476.1186399459839
10,173,59241,447.88500091433525
10,174,59741,467.1322468519211
10,175,60241,479.4350034594536
10,176,60741,479.2703981399536
10,177,61241,484.28988885879517
10,178,61741,454.13072395324707
10,179,62241,458.67934316396713
10,180,62741,459.52769947052
10,181,63241,490.9990888237953
10,182,63741,497.90434831380844
10,183,64241,482.3718448281288
10,184,64741,479.78936219215393
10,185,65241,477.4647169113159
10,186,65741,473.42975199222565
10,187,66241,471.6471453309059
10,188,66741,463.72651982307434
10,189,67241,462.0594199895859
10,190,67741,461.4874435663223
10,191,68241,462.0471042394638
10,192,68741,462.0402991771698
10,193,69241,467.0953359603882
10,194,69741,470.02315187454224
10,195,70241,469.50288212299347
10,196,70741,469.4378939270973
10,197,71241,468.36497980356216
10,198,71741,468.6261712908745
10,199,72241,467.14770072698593
10,200,72741,469.6918922662735
11,1,26,14.059678852558136
11,2,41,2.912028431892395
11,3,84,29.348679065704346
11,4,95,-0.7822260856628418
11,5,133,25.19325965642929
11,6,156,10.703795611858368
11,7,177,7.763332188129425
11,8,195,5.6391721367836
11,9,211,3.964060664176941
11,10,239,13.591691255569458
11,11,286,33.99381846189499
11,12,295,-2.5538886189460754
11,13,307,0.36989033222198486
11,14,349,28.146791338920593
11,15,391,26.25421494245529
11,16,469,61.20017510652542
11,17,481,-0.06975692510604858
11,18,518,21.97323590517044
11,19,572,37.919312596321106
11,20,811,213.00723659992218
11,21,1135,296.2349808216095
11,22,1379,221.4447517991066
11,23,1707,307.657570540905
11,24,1942,213.98999905586243
11,25,2119,155.93635326623917
11,26,2315,174.93746930360794
11,27,2492,155.31321865320206
11,28,2665,151.6601203083992
11,29,2861,175.19562530517578
11,30,3075,192.85079514980316
11,31,3288,191.56844294071198
11,32,3513,202.9738101363182
11,33,3746,210.84399700164795
11,34,4032,262.17114305496216
11,35,4339,284.0679588317871
11,36,4601,239.76257592439651
11,37,4844,220.82574290037155
11,38,5087,220.54244548082352
11,39,5376,266.11435812711716
11,40,5749,348.9428460597992
11,41,6249,490.12446331977844
11,42,6658,383.0306951403618
11,43,7028,344.22980493307114
11,44,7359,305.77508360147476
11,45,7648,262.9596764445305
11,46,8043,367.27000802755356
11,47,8543,495.71477514505386
11,48,8832,265.06005108356476
11,49,9032,176.42575311660767
11,50,9311,253.54794198274612
11,51,9706,368.47604167461395
11,52,10026,295.0989736318588
11,53,10340,287.08847284317017
11,54,10645,275.06181812286377
11,55,10955,277.7929009795189
11,56,11455,469.3749744296074
11,57,11955,473.9172218441963
11,58,12282,295.0477827191353
11,59,12782,475.73677521944046
11,60,13282,458.97677743434906
11,61,13763,389.8713075518608
11,62,13917,126.34016692638397
11,63,14070,127.63286286592484
11,64,14323,220.93843442201614
11,65,14581,230.8777089715004
11,66,14810,199.04622519016266
11,67,15027,192.53310441970825
11,68,15301,247.3716738820076
11,69,15629,299.52744352817535
11,70,15790,135.6468050479889
11,71,15941,124.28598409891129
11,72,16441,491.0923340320587
11,73,16941,496.99088960886
11,74,17415,445.68122804164886
11,75,17672,232.21834689378738
11,76,17892,195.74258756637573
11,77,18392,488.711812376976
11,78,18736,319.5342391729355
11,79,19236,491.31120359897614
11,80,19736,499.40835070610046
11,81,20236,498.8247114419937
11,82,20736,488.6466398239136
11,83,21236,476.16011542081833
11,84,21736,484.79725873470306
11,85,22211,441.8342740535736
11,86,22456,219.44963836669922
11,87,22878,396.48402720689774
11,88,23020,120.04870611429214
11,89,23153,109.80418407917023
11,90,23269,91.213807284832
11,91,23390,96.3694007396698
11,92,23511,96.56384629011154
11,93,23635,99.98966324329376
11,94,23755,93.27683794498444
11,95,23944,152.64400935173035
11,96,24373,377.31841790676117
11,97,24873,481.8934833407402
11,98,25373,478.40749526023865
11,99,25765,353.56284683942795
11,100,26265,466.9327689409256
11,101,26765,474.01026356220245
11,102,27265,482.86338782310486
11,103,27765,478.5156275629997
11,104,28265,455.0122757554054
11,105,28765,485.27794712781906
11,106,29265,481.92366260290146
11,107,29765,478.58134788274765
11,108,30123,330.8632680773735
11,109,30504,337.76074117422104
11,110,31004,488.9165933728218
11,111,31504,494.35924112796783
11,112,32004,491.09318363666534
11,113,32504,490.3653135895729
11,114,32885,330.2031259536743
11,115,32896,-1.2839443683624268
11,116,32935,24.312930583953857
11,117,33009,49.706981003284454
11,118,33023,1.100225567817688
11,119,33139,91.86136829853058
11,120,33154,2.156920850276947
11,121,33197,25.678439557552338
11,122,33219,7.357192277908325
11,123,33236,3.312516927719116
11,124,33259,8.150039970874786
11,125,33288,12.411947548389435
11,126,33321,16.230169653892517
11,127,33346,10.30796229839325
11,128,33370,9.251722276210785
11,129,33410,20.336759388446808
11,130,33452,22.046938240528107
11,131,33506,30.335143268108368
11,132,33556,28.016921520233154
11,133,33625,41.93158680200577
11,134,33711,57.63936460018158
11,135,33822,83.5818640589714
11,136,33951,105.6848526597023
11,137,34093,119.9871107339859
11,138,34223,107.67382735013962
11,139,34501,256.5513013601303
11,140,34644,120.10802030563354
11,141,34877,208.22176897525787
11,142,35014,115.33759796619415
11,143,35144,106.83410167694092
11,144,35303,128.65980452299118
11,145,35420,90.95583230257034
11,146,35547,103.66944700479507
11,147,35667,93.86501157283783
11,148,35775,80.47472429275513
11,149,35879,75.66240555047989
11,150,35997,87.41586130857468
11,151,36110,83.32004284858704
11,152,36225,86.41368055343628
11,153,36332,75.70842134952545
11,154,36433,71.66004317998886
11,155,36537,75.39951556921005
11,156,36632,63.45010247826576
11,157,36650,3.8633882999420166
11,158,36668,4.277056992053986
11,159,36682,0.7875920534133911
11,160,36706,7.291069269180298
11,161,36730,8.877601325511932
11,162,36752,6.941991686820984
11,163,36774,7.52816504240036
11,164,36791,3.362131714820862
11,165,36811,5.445949554443359
11,166,36833,7.388822555541992
11,167,36853,5.675238728523254
11,168,36926,41.573999643325806
11,169,36953,11.50630134344101
11,170,37020,39.416083455085754
11,171,37044,8.666013717651367
11,172,37119,46.17676895856857
11,173,37176,32.36419278383255
11,174,37241,37.22749799489975
11,175,37265,8.641389966011047
11,176,37285,5.764869570732117
11,177,37302,3.219046413898468
11,178,37328,8.912702679634094
11,179,37351,7.574431598186493
11,180,37378,11.633106589317322
11,181,37398,5.3607423305511475
11,182,37426,11.736492156982422
11,183,37443,2.818766176700592
11,184,37466,7.712089896202087
11,185,37486,5.273659765720367
11,186,37505,5.387224078178406
11,187,37525,5.447191298007965
11,188,37552,10.889316320419312
11,189,37579,11.045461297035217
11,190,37597,4.042056620121002
11,191,37685,57.130320608615875
11,192,37820,106.5512507557869
11,193,37934,77.14721366763115
11,194,38000,49.051309287548065
11,195,38064,50.47577911615372
11,196,38102,23.598368763923645
11,197,38168,50.74354189634323
11,198,38242,58.12814384698868
11,199,38322,63.17993605136871
11,200,38414,76.962695479393
12,1,14,1.6676583886146545
12,2,39,12.643982887268066
12,3,56,4.624834656715393
12,4,69,0.9823381900787354
12,5,92,11.140718400478363
12,6,104,-0.24678349494934082
12,7,121,4.7215646505355835
12,8,161,25.871059775352478
12,9,186,12.892940044403076
12,10,197,-0.9723809361457825
12,11,235,20.60533255338669
12,12,358,102.88389122486115
12,13,389,18.359940826892853
12,14,405,3.326119542121887
12,15,426,9.06541907787323
12,16,448,7.933052241802216
12,17,467,6.006558418273926
12,18,543,56.29073613882065
12,19,574,16.756664216518402
12,20,691,92.43638265132904
12,21,875,162.47728580236435
12,22,1267,364.59823805093765
12,23,1759,451.12789034843445
12,24,2078,297.51718640327454
12,25,2293,192.47787499427795
12,26,2510,194.28887921571732
12,27,2661,128.22996252775192
12,28,2810,125.52541375160217
12,29,2974,141.31409937143326
12,30,3188,190.63107883930206
12,31,3440,229.8134891986847
12,32,3718,257.3236392736435
12,33,3941,201.32597643136978
12,34,4151,187.9456330537796
12,35,4309,135.67512768507004
12,36,4609,277.6134098768234
12,37,4774,144.17730116844177
12,38,4971,176.38934087753296
12,39,5218,223.2181144952774
12,40,5380,139.97036218643188
12,41,5532,128.33856415748596
12,42,5662,106.49280768632889
12,43,5802,118.04971104860306
12,44,5973,146.34561961889267
12,45,6473,478.0310091972351
12,46,6973,487.763842523098
12,47,7473,491.3686283826828
12,48,7941,434.5854392051697
12,49,8441,487.5268803834915
12,50,8941,487.4462020397186
12,51,9441,495.6709358096123
12,52,9941,497.1520494222641
12,53,10441,491.71056109666824
12,54,10941,493.3644999265671
12,55,11441,491.2777242064476
12,56,11941,473.0269057750702
12,57,12441,481.1498541235924
12,58,12941,478.1782064437866
12,59,13441,478.77282774448395
12,60,13941,476.5930706858635
12,61,14441,469.8284251689911
12,62,14941,466.79051411151886
12,63,15441,468.82175147533417
12,64,15941,468.08427065610886
12,65,16441,473.7786257863045
12,66,16941,468.38565027713776
12,67,17441,473.2627390027046
12,68,17941,453.4929637312889
12,69,18333,356.03014773130417
12,70,18833,479.53009670972824
12,71,19333,492.4163801074028
12,72,19833,493.44216752052307
12,73,20333,488.40631651878357
12,74,20833,459.72541630268097
12,75,21333,469.93476897478104
12,76,21833,473.01963889598846
12,77,22333,473.95053720474243
12,78,22833,479.5947044491768
12,79,23333,469.9465103149414
12,80,23833,468.9485015273094
12,81,24333,463.50539231300354
12,82,24833,451.4189409017563
12,83,25333,465.0013093948364
12,84,25397,38.262908935546875
12,85,25563,138.28557646274567
12,86,25743,151.99171990156174
12,87,26243,471.8469671010971
12,88,26743,473.73278164863586
12,89,27243,465.2254613041878
12,90,27548,252.33988231420517
12,91,27780,195.5255088210106
12,92,28280,432.2216844558716
12,93,28780,453.0755103826523
12,94,29280,457.74563843011856
12,95,29780,479.65019130706787
12,96,30280,482.4416063427925
12,97,30780,490.1380152106285
12,98,31280,467.5087612271309
12,99,31780,491.16707891225815
12,100,32280,490.63261282444
12,101,32780,487.0153862833977
12,102,33280,491.6805374622345
12,103,33780,489.9500571489334
12,104,34280,484.3512596487999
12,105,34780,485.0733320713043
12,106,35280,494.58702117204666
12,107,35780,497.8732034564018
12,108,36280,498.5444025397301
12,109,36780,489.31097012758255
12,110,37280,484.27402198314667
12,111,37780,484.76115131378174
12,112,38280,490.5699675679207
12,113,38780,491.64441990852356
12,114,39280,484.47999399900436
12,115,39780,493.48833602666855
12,116,40280,493.1658099293709
12,117,40780,495.18519937992096
12,118,41235,405.6124250292778
12,119,41334,73.62783920764923
12,120,41375,24.844803392887115
12,121,41405,14.568047881126404
12,122,41674,198.09342122077942
12,123,41787,87.92023980617523
12,124,41958,126.07905089855194
12,125,41993,19.730655908584595
12,126,42493,446.76188522577286
12,127,42871,337.0218828320503
12,128,43274,358.32864677906036
12,129,43645,326.0207163095474
12,130,44092,408.2271076440811
12,131,44459,332.138052880764
12,132,44959,467.8263916373253
12,133,45459,466.8887058496475
12,134,45959,469.14834797382355
12,135,46459,472.7787281870842
12,136,46959,461.4954388141632
12,137,47459,494.28075724840164
12,138,47773,287.31541162729263
12,139,48273,497.30094289779663
12,140,48773,486.939115524292
12,141,49273,477.9631197452545
12,142,49773,458.16683864593506
12,143,50273,475.97478902339935
12,144,50773,473.5906770825386
12,145,51273,492.5318861603737
12,146,51480,177.09339082241058
12,147,51667,155.52602988481522
12,148,51867,168.6208415031433
12,149,52033,136.32427817583084
12,150,52213,148.4879589676857
12,151,52405,159.37891572713852
12,152,52654,212.10270649194717
12,153,53154,484.059534072876
12,154,53654,479.0710499882698
12,155,54154,482.6167964935303
12,156,54654,492.87387174367905
12,157,55154,496.8863106369972
12,158,55654,496.73460787534714
12,159,56154,495.65957123041153
12,160,56654,496.1836987733841
12,161,57154,494.078815639019
12,162,57654,493.28307527303696
12,163,58154,495.6885794997215
12,164,58654,493.09991097450256
12,165,59154,495.7168253660202
12,166,59654,498.5288200378418
12,167,60154,496.9199433326721
12,168,60654,497.00419080257416
12,169,61154,492.9053001999855
12,170,61654,484.47261053323746
12,171,62154,487.40357184410095
12,172,62654,487.4287537932396
12,173,63154,479.82678508758545
12,174,63654,479.75931215286255
12,175,64154,480.32738494873047
12,176,64654,491.7388558983803
12,177,65154,476.54827892780304
12,178,65511,316.6676286458969
12,179,65708,149.00918412208557
12,180,66208,452.6445815563202
12,181,66334,100.91537463665009
12,182,66834,482.7155960202217
12,183,67334,484.28346288204193
12,184,67834,494.2459551692009
12,185,68334,488.2011495232582
12,186,68834,471.8107503056526
12,187,69334,487.5748723745346
12,188,69834,489.78124701976776
12,189,70334,493.4699076414108
12,190,70834,494.3949807882309
12,191,71334,495.12866872549057
12,192,71834,490.3164545893669
12,193,72334,497.0299003124237
12,194,72834,489.26709109544754
12,195,73334,488.8670972585678
12,196,73834,482.95278149843216
12,197,74334,482.6040648818016
12,198,74834,482.1819900274277
12,199,75334,485.4031081199646
12,200,75834,484.44449532032013
13,1,12,-0.16336220502853394
13,2,28,3.828758120536804
13,3,38,-1.742619812488556
13,4,58,7.330642402172089
13,5,83,11.471357107162476
13,6,102,6.74436742067337
13,7,119,4.212067782878876
13,8,138,6.587647259235382
13,9,151,0.5743556618690491
13,10,171,7.672480463981628
13,11,207,23.41376781463623
13,12,233,13.322662770748138
13,13,248,2.5656928420066833
13,14,274,14.256544888019562
13,15,289,3.0890560150146484
13,16,300,-0.7057515382766724
13,17,314,1.6106173992156982
13,18,324,-1.7821213006973267
13,19,337,1.0287523865699768
13,20,352,3.034218192100525
13,21,366,2.115580141544342
13,22,382,3.6999611258506775
13,23,394,0.31568771600723267
13,24,411,4.942139089107513
13,25,421,-1.6385573148727417
13,26,436,1.7553936839103699
13,27,450,2.1420045495033264
13,28,463,1.2485933899879456
13,29,478,2.3576738238334656
13,30,487,-2.4891172647476196
13,31,498,-0.8908563256263733
13,32,510,0.2740490436553955
13,33,520,-1.9743415117263794
13,34,531,-1.2249027490615845
13,35,548,4.81208610534668
13,36,557,-2.9212329387664795
13,37,568,-0.692684531211853
13,38,579,-0.785920262336731
13,39,748,139.91894870996475
13,40,1009,235.15735775232315
13,41,1201,165.8684993982315
13,42,1408,182.36132764816284
13,43,1596,164.40180307626724
13,44,1832,213.13751620054245
13,45,2017,162.28606754541397
13,46,2177,137.2418977022171
13,47,2361,160.672021150589
13,48,2556,170.18159008026123
13,49,2843,258.6977578997612
13,50,3343,478.3325837254524
13,51,3702,326.23363077640533
13,52,4202,478.4057223200798
13,53,4351,124.90921872854233
13,54,4523,148.53682774305344
13,55,4778,227.01005417108536
13,56,4955,154.87987333536148
13,57,5096,119.55840182304382
13,58,5291,172.6004131436348
13,59,5531,212.55750781297684
13,60,5750,194.21931916475296
13,61,6250,487.9308028817177
13,62,6750,488.5444568991661
13,63,6991,214.81430971622467
13,64,7273,254.38082438707352
13,65,7679,377.23322677612305
13,66,7996,291.4583307504654
13,67,8280,258.02515518665314
13,68,8633,325.36130034923553
13,69,9066,400.378338098526
13,70,9566,483.1130833029747
13,71,9816,226.80400675535202
13,72,10042,199.77358520030975
13,73,10370,300.71930158138275
13,74,10617,219.78393703699112
13,75,10963,319.15429443120956
13,76,11213,224.2553327679634
13,77,11580,339.73531514406204
13,78,11748,144.39604270458221
13,79,11994,220.40275436639786
13,80,12152,140.81941157579422
13,81,12328,158.09880489110947
13,82,12567,214.30472844839096
13,83,12604,23.64046084880829
13,84,12618,0.7814150452613831
13,85,12901,258.9826782941818
13,86,13401,498.2375911474228
13,87,13794,364.1841737627983
13,88,14294,494.44734251499176
13,89,14794,498.0416186451912
13,90,15294,487.69604337215424
13,91,15794,496.59811794757843
13,92,16193,371.5153634548187
13,93,16693,490.9888041615486
13,94,17193,488.3146062493324
13,95,17693,489.0387907028198
13,96,18193,484.97790014743805
13,97,18693,483.1885229945183
13,98,19193,488.8795826435089
13,99,19693,487.6704046726227
13,100,20193,478.04948675632477
13,101,20693,479.02728444337845
13,102,21193,461.73968786001205
13,103,21693,461.86677718162537
13,104,22109,366.52955919504166
13,105,22609,461.7409492135048
13,106,23109,474.55289578437805
13,107,23609,478.54783749580383
13,108,24109,458.6296771764755
13,109,24528,387.81500285863876
13,110,24798,229.5417782664299
13,111,25298,450.83413165807724
13,112,25641,316.3532363176346
13,113,25816,154.851092338562
13,114,26316,458.0753778219223
13,115,26598,240.65547508001328
13,116,27098,467.9594336152077
13,117,27598,462.15971010923386
13,118,27948,296.645700275898
13,119,28448,460.3300524353981
13,120,28948,474.98188000917435
13,121,29147,177.40997278690338
13,122,29257,93.50731748342514
13,123,29496,217.63699942827225
13,124,29528,17.908039152622223
13,125,29837,279.11050432920456
13,126,30042,180.23928332328796
13,127,30293,226.20943784713745
13,128,30793,476.3295142054558
13,129,31293,474.7792485356331
13,130,31793,467.55602556467056
13,131,32293,461.93716913461685
13,132,32793,467.97092056274414
13,133,33006,183.92634975910187
13,134,33217,184.53019976615906
13,135,33717,469.35857528448105
13,136,34025,285.3474548459053
13,137,34440,385.19704908132553
13,138,34893,421.8877184689045
13,139,35393,495.78334563970566
13,140,35848,424.19752049446106
13,141,36348,478.6508902311325
13,142,36848,495.2506186366081
13,143,37348,486.45740258693695
13,144,37817,434.6549034714699
13,145,38028,191.1769973039627
13,146,38386,329.6644504070282
13,147,38886,476.7148404121399
13,148,39386,480.25104534626007
13,149,39886,494.45228230953217
13,150,40386,496.86535066366196
13,151,40886,490.28980922698975
13,152,41386,494.6482163667679
13,153,41886,472.5466364622116
13,154,42386,485.6159147620201
13,155,42886,486.36987030506134
13,156,43386,469.535695374012
13,157,43886,479.4560416340828
13,158,44153,222.07477742433548
13,159,44653,481.4730698466301
13,160,45153,481.7739812731743
13,161,45653,485.1795742511749
13,162,45929,228.52180764079094
13,163,46386,412.73955476284027
13,164,46886,470.5197728276253
13,165,47386,491.28870528936386
13,166,47774,319.23148518800735
13,167,48274,483.77869087457657
13,168,48774,465.40334445238113
13,169,49274,478.53507137298584
13,170,49774,484.07721078395844
13,171,50274,492.542816221714
13,172,50774,458.45116025209427
13,173,51274,476.91135370731354
13,174,51774,486.01444524526596
13,175,52154,338.57216489315033
13,176,52247,69.90226024389267
13,177,52484,205.9944509267807
13,178,52984,456.61297488212585
13,179,53261,245.31377333402634
13,180,53715,380.4933398962021
13,181,53959,195.23431730270386
13,182,54275,265.4933172762394
13,183,54314,22.337833166122437
13,184,54347,16.287796080112457
13,185,54392,29.709485411643982
13,186,54422,14.126332104206085
13,187,54448,10.988041460514069
13,188,54487,22.422436773777008
13,189,54572,66.38738107681274
13,190,54616,28.71058040857315
13,191,54675,41.33833861351013
13,192,55144,403.2984969615936
13,193,55644,492.09900522232056
13,194,56144,483.51615512371063
13,195,56644,478.5810412168503
13,196,57144,484.95444226264954
13,197,57374,204.5790913105011
13,198,57559,166.80116641521454
13,199,58059,488.13474321365356
13,200,58559,472.74755758047104
14,1,31,18.74165505170822
14,2,62,17.88948154449463
14,3,79,4.0594305992126465
14,4,93,1.6714881658554077
14,5,102,-2.6345019936561584
14,6,119,5.0384440422058105
14,7,138,6.7150759100914
14,8,160,8.67797338962555
14,9,214,37.19534635543823
14,10,239,12.091188430786133
14,11,253,2.0935847759246826
14,12,264,-0.8056552410125732
14,13,274,-1.6085159182548523
14,14,290,3.552315831184387
14,15,308,5.214668691158295
14,16,321,1.0824447870254517
14,17,356,21.916612446308136
14,18,367,-1.0144230723381042
14,19,377,-1.6988179683685303
14,20,387,-2.0292667746543884
14,21,399,0.09343039989471436
14,22,411,-0.20860016345977783
14,23,421,-2.3049787282943726
14,24,450,16.878112077713013
14,25,460,-1.5543235540390015
14,26,751,261.7378987669945
14,27,1084,311.18908709287643
14,28,1386,278.9476937055588
14,29,1657,250.25957703590393
14,30,1940,260.5569426417351
14,31,2085,121.82052409648895
14,32,2221,111.5046803355217
14,33,2369,125.61881536245346
14,34,2532,141.43998157978058
14,35,2709,155.49435710906982
14,36,2913,182.5912143588066
14,37,3105,170.27277100086212
14,38,3319,191.58795565366745
14,39,3520,177.2257187962532
14,40,3715,173.60609501600266
14,41,3943,204.8401564359665
14,42,4395,412.8103098273277
14,43,4632,214.1100407242775
14,44,5132,493.75344556570053
14,45,5632,479.3111536502838
14,46,6078,395.3408879637718
14,47,6358,253.72382026910782
14,48,6693,310.7787714600563
14,49,7143,417.88851583004
14,50,7365,198.66582638025284
14,51,7757,369.8296485543251
14,52,8119,319.34589380025864
14,53,8312,172.16328078508377
14,54,8504,170.20485788583755
14,55,8983,425.3543510437012
14,56,9483,459.0377790927887
14,57,9622,115.35778152942657
14,58,9745,96.62829124927521
14,59,9935,164.70349651575089
14,60,10237,278.6219958662987
14,61,10502,242.57504189014435
14,62,10804,280.2689146399498
14,63,11027,201.95268696546555
14,64,11293,243.46438509225845
14,65,11507,192.45625692605972
14,66,11747,216.81338477134705
14,67,12000,229.83306789398193
14,68,12234,210.81446051597595
14,69,12448,190.46773862838745
14,70,12671,199.73447275161743
14,71,12957,260.9370283484459
14,72,13290,303.95617908239365
14,73,13707,383.08144664764404
14,74,14207,489.88324505090714
14,75,14707,493.20914965867996
14,76,15207,485.94015818834305
14,77,15707,489.6731851696968
14,78,16207,491.13446068763733
14,79,16707,490.9477964043617
14,80,17207,490.8060357570648
14,81,17707,491.54101234674454
14,82,18207,488.96413910388947
14,83,18707,486.77853322029114
14,84,19207,490.22014433145523
14,85,19707,484.01404654979706
14,86,20207,492.908422768116
14,87,20707,493.8411765694618
14,88,21207,488.4303226470947
14,89,21707,494.2016301751137
14,90,22207,480.8469279408455
14,91,22707,480.9377998113632
14,92,23207,476.6616626381874
14,93,23707,485.6192848086357
14,94,24207,496.0142523050308
14,95,24707,488.48545092344284
14,96,25207,489.7227716445923
14,97,25707,483.3111652135849
14,98,26207,488.90382170677185
14,99,26707,485.35515558719635
14,100,27196,452.8899714946747
14,101,27696,474.65318989753723
14,102,28196,483.78843557834625
14,103,28696,491.1460404396057
14,104,29169,441.1324619650841
14,105,29669,481.7730432152748
14,106,30169,478.8953996896744
14,107,30669,485.0746501684189
14,108,31169,482.0223685503006
14,109,31669,469.69866329431534
14,110,32169,468.31121146678925
14,111,32669,459.3537423610687
14,112,33169,475.6219964623451
14,113,33669,482.4563209414482
14,114,34169,486.97937566041946
14,115,34669,481.2002485394478
14,116,35169,479.19819736480713
14,117,35669,485.58943462371826
14,118,36169,491.717465698719
14,119,36669,492.73505103588104
14,120,37169,493.4404644370079
14,121,37669,479.40266543626785
14,122,38169,479.158897459507
14,123,38669,496.8479737639427
14,124,39169,494.8015580177307
14,125,39669,498.28180462121964
14,126,40169,494.2538501024246
14,127,40391,187.1373360157013
14,128,40891,494.45977360010147
14,129,41391,495.86641013622284
14,130,41891,494.3683979511261
14,131,42391,483.95638358592987
14,132,42891,493.79878586530685
14,133,42927,22.164464354515076
14,134,43427,476.41539776325226
14,135,43638,188.98300176858902
14,136,43808,147.93988680839539
14,137,43978,147.46633636951447
14,138,44141,140.11358124017715
14,139,44356,192.15859520435333
14,140,44588,208.1501356959343
14,141,45042,428.52127236127853
14,142,45542,489.666410446167
14,143,46042,481.3021700978279
14,144,46542,460.9181549549103
14,145,46911,341.539997279644
14,146,46969,42.06233102083206
14,147,47069,81.47186589241028
14,148,47100,16.15745973587036
14,149,47197,79.20933789014816
14,150,47392,170.25589108467102
14,151,47448,41.23800826072693
14,152,47486,22.95576024055481
14,153,47636,120.79404938220978
14,154,48136,493.43193900585175
14,155,48399,234.14467859268188
14,156,48757,331.5066573023796
14,157,49257,496.7967808842659
14,158,49757,491.9874951839447
14,159,50257,482.0717974305153
14,160,50757,483.75041061639786
14,161,51257,484.4756420850754
14,162,51729,434.67046695947647
14,163,51915,165.0064172744751
14,164,52081,142.50176507234573
14,165,52158,61.16019833087921
14,166,52248,70.35812467336655
14,167,52509,224.9004499912262
14,168,52809,274.1391081213951
14,169,53158,315.7031635046005
14,170,53658,489.70272904634476
14,171,54158,489.07394552230835
14,172,54658,497.24435991048813
14,173,55158,477.55244141817093
14,174,55658,478.6230267882347
14,175,56158,479.97925502061844
14,176,56658,488.1581433415413
14,177,57158,487.25620144605637
14,178,57658,487.1743966937065
14,179,58158,475.1782727241516
14,180,58658,469.73606818914413
14,181,59158,468.8001743555069
14,182,59658,464.1713397502899
14,183,60158,473.00652170181274
14,184,60658,479.91804867982864
14,185,61158,473.97182792425156
14,186,61658,476.38024282455444
14,187,62158,479.8245090842247
14,188,62658,482.19048887491226
14,189,63045,353.67868971824646
14,190,63545,480.7320094704628
14,191,63724,147.6811870932579
14,192,64210,457.61777049303055
14,193,64497,261.1899000406265
14,194,64848,323.65728718042374
14,195,65241,362.85404992103577
14,196,65548,277.0266672372818
14,197,65939,357.0319455265999
14,198,66226,256.804660320282
14,199,66611,350.7816355228424
14,200,66839,199.70603573322296
15,1,25,12.633186876773834
15,2,56,18.98644745349884
15,3,74,4.856594502925873
15,4,96,8.72575706243515
15,5,108,0.08021622896194458
15,6,120,-0.00018846988677978516
15,7,135,3.2223362922668457
15,8,153,5.483278751373291
15,9,175,9.7025146484375
15,10,188,0.9214559197425842
15,11,209,8.609624922275543
15,12,239,15.436824023723602
15,13,257,5.800557613372803
15,14,268,-0.8031671047210693
15,15,287,7.169044733047485
15,16,300,0.9998197555541992
15,17,310,-1.728287935256958
15,18,322,0.3520156741142273
15,19,334,0.08598059415817261
15,20,346,0.3836643099784851
15,21,355,-2.786479353904724
15,22,372,3.832014560699463
15,23,403,15.787837386131287
15,24,417,2.2575016617774963
15,25,430,0.3414972424507141
15,26,442,0.15290170907974243
15,27,474,19.10003101825714
15,28,501,12.415417194366455
15,29,547,30.481426417827606
15,30,736,156.74887889623642
15,31,1023,264.413747549057
15,32,1288,243.25942087173462
15,33,1463,151.55978059768677
15,34,1687,201.69375890493393
15,35,1948,238.3230900168419
15,36,2133,163.0281565785408
15,37,2408,252.58686119318008
15,38,2567,136.4295210838318
15,39,2724,134.85529124736786
15,40,2886,139.63761729002
15,41,3037,128.6071326136589
15,42,3190,130.28271389007568
15,43,3354,140.8012539744377
15,44,3523,145.6855530142784
15,45,3708,161.79997926950455
15,46,3915,182.21502232551575
15,47,4415,485.8709791302681
15,48,4915,494.47226971387863
15,49,5415,492.5793401002884
15,50,5915,496.3051715493202
15,51,6415,491.4407966732979
15,52,6915,484.0703943967819
15,53,7085,147.27178621292114
15,54,7351,238.01127099990845
15,55,7851,476.4741329550743
15,56,8123,245.3816744685173
15,57,8341,192.14321595430374
15,58,8516,152.4933352470398
15,59,8672,133.32831072807312
15,60,8844,149.68353015184402
15,61,9328,453.1438563466072
15,62,9529,178.3483230471611
15,63,9748,195.43276351690292
15,64,10175,397.533868432045
15,65,10528,325.5182154774666
15,66,10938,382.5605996251106
15,67,11438,488.6729103922844
15,68,11733,270.8557220697403
15,69,12233,482.79446202516556
15,70,12455,199.67036938667297
15,71,12638,160.93035298585892
15,72,12818,157.29642808437347
15,73,13003,162.23577576875687
15,74,13185,158.6456377506256
15,75,13365,158.39256596565247
15,76,13557,169.30206042528152
15,77,13749,169.96258813142776
15,78,13946,174.0391447544098
15,79,14138,169.93089866638184
15,80,14324,164.38333135843277
15,81,14528,181.78215819597244
15,82,14712,162.53308600187302
15,83,14893,159.07344204187393
15,84,15116,201.46058177947998
15,85,15346,208.2083711028099
15,86,15539,170.76463943719864
15,87,15743,181.94775795936584
15,88,16063,296.8056216239929
15,89,16527,439.54403603076935
15,90,16966,416.1170089840889
15,91,17466,497.7482206225395
15,92,17966,496.69192707538605
15,93,18466,496.10771399736404
15,94,18966,486.45362424850464
15,95,19466,495.2773622870445
15,96,19966,492.041819691658
15,97,20466,496.04606461524963
15,98,20966,495.9916613101959
15,99,21466,494.64784401655197
15,100,21966,491.70672100782394
15,101,22466,488.6955072283745
15,102,22966,494.00074791908264
15,103,23466,491.79517966508865
15,104,23966,495.49899101257324
15,105,24466,493.31600147485733
15,106,24966,478.17489248514175
15,107,25466,478.2505995631218
15,108,25966,482.20769560337067
15,109,26466,484.20022720098495
15,110,26966,479.3746114373207
15,111,27466,482.5911147594452
15,112,27966,484.2182305455208
15,113,28268,276.65340954065323
15,114,28281,1.3510980606079102
15,115,28299,5.925235867500305
15,116,28309,-1.6976441740989685
15,117,28319,-1.664486825466156
15,118,28329,-1.730465292930603
15,119,28362,20.843148052692413
15,120,28373,-0.4974263906478882
15,121,28404,19.156265914440155
15,122,28435,19.110230565071106
15,123,28445,-1.8613598942756653
15,124,28465,8.471266627311707
15,125,28485,8.343493461608887
15,126,28501,4.278312802314758
15,127,28511,-1.804449737071991
15,128,28540,17.31161504983902
15,129,28549,-2.565616488456726
15,130,28558,-2.5888642072677612
15,131,28567,-2.591478407382965
15,132,28577,-1.8362107872962952
15,133,28588,-0.5332643985748291
15,134,28597,-2.6518397331237793
15,135,28607,-1.5602617263793945
15,136,28615,-3.7289047241210938
15,137,28626,-0.7858772873878479
15,138,28634,-3.6541987657546997
15,139,28643,-2.770910918712616
15,140,28653,-1.847413718700409
15,141,28662,-2.491058349609375
15,142,28674,0.4856547713279724
15,143,28684,-1.8207927942276
15,144,28693,-2.4793832898139954
15,145,28701,-3.696651518344879
15,146,28710,-2.6395023465156555
15,147,28720,-1.64320707321167
15,148,28729,-2.836198627948761
15,149,28739,-1.494649887084961
15,150,28748,-2.6337390542030334
15,151,28756,-3.617972493171692
15,152,28765,-2.631015419960022
15,153,28775,-1.7395671010017395
15,154,28783,-3.5971484184265137
15,155,28792,-2.883933961391449
15,156,28801,-2.57798969745636
15,157,28810,-2.928540885448456
15,158,28820,-1.5675183534622192
15,159,28828,-3.659693717956543
15,160,28838,-1.5110037922859192
15,161,28847,-2.7825738191604614
15,162,28857,-1.6205005645751953
15,163,28866,-2.476768970489502
15,164,28874,-3.72983181476593
15,165,28882,-3.745934545993805
15,166,28892,-1.579172134399414
15,167,28902,-1.618060052394867
15,168,28911,-2.4625255465507507
15,169,28920,-2.868939995765686
15,170,28929,-2.668206512928009
15,171,28938,-2.511958658695221
15,172,28948,-1.734604299068451
15,173,28958,-1.5598263144493103
15,174,28967,-2.8618160486221313
15,175,28978,-0.759778618812561
15,176,28987,-2.545893967151642
15,177,28996,-2.5167866945266724
15,178,29007,-0.7856332659721375
15,179,29017,-1.543823778629303
15,180,29025,-3.647831916809082
15,181,29036,-0.824363648891449
15,182,29045,-2.7610239386558533
15,183,29054,-2.529088258743286
15,184,29063,-2.7178075313568115
15,185,29073,-1.5686690211296082
15,186,29082,-2.5744664669036865
15,187,29091,-2.578244626522064
15,188,29101,-1.5921794772148132
15,189,29112,-0.8186290860176086
15,190,29122,-1.5955181121826172
15,191,29132,-2.0642191767692566
15,192,29141,-2.9141536355018616
15,193,29152,-0.8849933743476868
15,194,29163,-0.9992393851280212
15,195,29173,-1.9073393940925598
15,196,29368,157.66002368927002
15,197,29550,156.8469540476799
15,198,30044,431.2206487059593
15,199,30203,136.31566262245178
15,200,30328,101.87049931287766
16,1,17,5.087934136390686
16,2,40,10.503172934055328
16,3,77,24.53358691930771
16,4,95,4.723212242126465
16,5,112,4.807425796985626
16,6,124,-0.5245445966720581
16,7,137,0.1750093698501587
16,8,153,3.9673296213150024
16,9,196,30.7033753991127
16,10,209,0.6926892995834351
16,11,252,30.73283278942108
16,12,263,-1.1786569356918335
16,13,274,-1.3038241267204285
16,14,294,6.9991870522499084
16,15,308,1.5354302525520325
16,16,370,47.72148162126541
16,17,385,2.756533920764923
16,18,397,-0.10612833499908447
16,19,410,0.2509899139404297
16,20,457,33.000704646110535
16,21,467,-2.0013914704322815
16,22,488,7.371455371379852
16,23,666,155.43310016393661
16,24,886,197.059632897377
16,25,1303,395.2021248936653
16,26,1663,336.37883895635605
16,27,2019,329.82590156793594
16,28,2278,226.3631301522255
16,29,2389,79.32321894168854
16,30,2493,72.62116438150406
16,31,2611,87.5988700389862
16,32,2863,228.55880677700043
16,33,3018,132.99271458387375
16,34,3174,134.11098158359528
16,35,3332,137.14612710475922
16,36,3572,218.3302772641182
16,37,4072,493.5101063847542
16,38,4394,297.4249334335327
16,39,4862,441.43720531463623
16,40,5053,169.80719155073166
16,41,5256,180.4964884519577
16,42,5543,261.8530175089836
16,43,6043,486.03080970048904
16,44,6543,489.29007041454315
16,45,7043,489.94078052043915
16,46,7307,237.9812593460083
16,47,7807,480.54303336143494
16,48,8073,241.74647039175034
16,49,8556,452.5880205631256
16,50,8992,404.7691259980202
16,51,9176,160.35263347625732
16,52,9676,477.72563767433167
16,53,9988,278.3833947777748
16,54,10232,216.09269052743912
16,55,10529,269.6878482699394
16,56,11029,488.52925354242325
16,57,11529,491.9514771103859
16,58,12029,492.03765004873276
16,59,12529,493.9227030277252
16,60,13029,493.763050198555
16,61,13529,495.72223776578903
16,62,14029,495.58055180311203
16,63,14529,493.9859268665314
16,64,15029,496.70274448394775
16,65,15529,496.61437356472015
16,66,16029,498.27175283432007
16,67,16529,498.57518351078033
16,68,17029,495.0183258652687
16,69,17529,477.5192423462868
16,70,18029,496.27601581811905
16,71,18529,494.8758582472801
16,72,19029,497.1032403111458
16,73,19529,494.94806468486786
16,74,20029,496.3583571910858
16,75,20529,497.61027389764786
16,76,21029,497.88147270679474
16,77,21529,496.6124885082245
16,78,22029,493.45342898368835
16,79,22529,495.46635073423386
16,80,23029,497.2749788761139
16,81,23529,495.9687970876694
16,82,24029,493.9847803115845
16,83,24529,494.8832101225853
16,84,25029,493.5755231976509
16,85,25529,489.0517829656601
16,86,26029,485.9323143362999
16,87,26529,477.20310217142105
16,88,27011,438.6691623926163
16,89,27389,337.3379259109497
16,90,27889,488.3421716094017
16,91,28319,394.18152767419815
16,92,28819,487.39441376924515
16,93,29113,269.35146248340607
16,94,29404,264.9545287489891
16,95,29663,232.4406589269638
16,96,30093,397.9980464577675
16,97,30593,491.900767326355
16,98,31093,485.2320004105568
16,99,31593,492.81885677576065
16,100,32093,487.38885283470154
16,101,32593,493.98423022031784
16,102,33093,492.4304527044296
16,103,33593,486.8381382226944
16,104,34093,488.5086319446564
16,105,34593,489.83646059036255
16,106,35093,490.02601927518845
16,107,35593,484.18134158849716
16,108,35783,171.1911273598671
16,109,36283,479.0950205922127
16,110,36783,476.54765087366104
16,111,37283,488.46709740161896
16,112,37783,481.7984997034073
16,113,38283,489.3070719242096
16,114,38783,492.41253823041916
16,115,39283,488.3656606078148
16,116,39783,485.7239633798599
16,117,40283,488.349283516407
16,118,40783,485.28545010089874
16,119,41283,489.38431787490845
16,120,41783,488.8123829960823
16,121,42283,488.8506825566292
16,122,42783,481.6392866373062
16,123,43283,478.55837047100067
16,124,43783,475.8865876197815
16,125,44283,475.3446256518364
16,126,44783,474.05922424793243
16,127,45283,470.96966034173965
16,128,45783,465.01075357198715
16,129,46283,483.8339698314667
16,130,46783,476.24843686819077
16,131,47283,468.0532773733139
16,132,47783,462.7455716729164
16,133,48283,482.99928575754166
16,134,48783,462.4239247441292
16,135,49166,335.3990880250931
16,136,49396,198.16066706180573
16,137,49611,184.71988981962204
16,138,49882,236.41925394535065
16,139,50176,257.27361649274826
16,140,50475,258.2420524954796
16,141,50777,260.53570783138275
16,142,51277,463.7766695022583
16,143,51777,471.51462203264236
16,144,52277,471.90232688188553
16,145,52684,369.59818440675735
16,146,53184,469.89438939094543
16,147,53684,468.0810688138008
16,148,54184,473.4892539381981
16,149,54684,454.3924592137337
16,150,55184,445.83484226465225
16,151,55666,411.5577670931816
16,152,55809,121.7748481631279
16,153,55931,105.64052832126617
16,154,56072,118.25245374441147
16,155,56329,226.03855961561203
16,156,56552,188.22874915599823
16,157,56667,96.28823441267014
16,158,56801,115.82262033224106
16,159,56873,54.99322998523712
16,160,57047,142.7737233042717
16,161,57162,98.48763430118561
16,162,57258,80.0696125626564
16,163,57423,148.1740487217903
16,164,57576,138.06847059726715
16,165,57737,144.23877942562103
16,166,57832,79.73672819137573
16,167,57978,128.22425162792206
16,168,58167,159.03249776363373
16,169,58274,91.99824339151382
16,170,58407,113.33103185892105
16,171,58544,118.75631546974182
16,172,58648,85.42596817016602
16,173,58750,84.51663535833359
16,174,58895,126.89007610082626
16,175,59045,130.45614176988602
16,176,59223,155.78244173526764
16,177,59309,64.35008192062378
16,178,59681,314.8069202005863
16,179,59843,141.33567386865616
16,180,60343,439.9606735110283
16,181,60459,91.06912624835968
16,182,60959,484.2567917108536
16,183,61064,81.95615726709366
16,184,61564,443.63915580511093
16,185,62064,434.54099160432816
16,186,62564,454.43154644966125
16,187,63064,482.69451409578323
16,188,63564,463.55563163757324
16,189,64056,439.36865931749344
16,190,64556,469.18135315179825
16,191,65056,480.5817486047745
16,192,65556,450.0864232778549
16,193,66056,473.93807792663574
16,194,66556,465.8458424806595
16,195,67056,458.36574721336365
16,196,67556,479.9115287065506
16,197,68056,454.7071293592453
16,198,68556,483.06551641225815
16,199,69056,480.38192200660706
16,200,69556,460.63571602106094
