seed,episode,total_steps,reward,episode_length,td_loss_avg,model_loss_avg,horizon_length,real_buffer_size,model_buffer_size,q1_avg,q2_avg,target_q_avg,model_pred_error_avg,model_err_hull_angle,model_err_hull_angvel,model_err_vel_x,model_err_vel_y,model_err_hip1_angle,model_err_hip1_speed,model_err_knee1_angle,model_err_knee1_speed,model_err_left_contact,model_err_hip2_angle,model_err_hip2_speed,model_err_knee2_angle,model_err_knee2_speed,model_err_right_contact
1,1,55,-102.73360021435656,55,nan,nan,0,55,0,nan,nan,nan,nan,nan,nan,nan,nan,nan,nan,nan,nan,nan,nan,nan,nan,nan,nan
1,2,1655,-79.72723257122561,1600,nan,nan,0,1655,0,nan,nan,nan,nan,nan,nan,nan,nan,nan,nan,nan,nan,nan,nan,nan,nan,nan,nan
1,3,3255,-102.08953884604853,1600,nan,nan,0,3255,0,nan,nan,nan,nan,nan,nan,nan,nan,nan,nan,nan,nan,nan,nan,nan,nan,nan,nan
1,4,3330,-96.6972192004323,75,nan,nan,0,3330,0,nan,nan,nan,nan,nan,nan,nan,nan,nan,nan,nan,nan,nan,nan,nan,nan,nan,nan
1,5,4930,-73.06507233344018,1600,nan,nan,0,4930,0,nan,nan,nan,nan,nan,nan,nan,nan,nan,nan,nan,nan,nan,nan,nan,nan,nan,nan
1,6,5038,-99.21327563095838,108,nan,nan,0,5038,0,nan,nan,nan,nan,nan,nan,nan,nan,nan,nan,nan,nan,nan,nan,nan,nan,nan,nan
1,7,5113,-104.50047269510105,75,nan,nan,0,5113,0,nan,nan,nan,nan,nan,nan,nan,nan,nan,nan,nan,nan,nan,nan,nan,nan,nan,nan
1,8,6713,-79.19100046448875,1600,nan,nan,0,6713,0,nan,nan,nan,nan,nan,nan,nan,nan,nan,nan,nan,nan,nan,nan,nan,nan,nan,nan
1,9,6781,-102.71319036372006,68,nan,nan,0,6781,0,nan,nan,nan,nan,nan,nan,nan,nan,nan,nan,nan,nan,nan,nan,nan,nan,nan,nan
1,10,6920,-102.96093148598447,139,nan,nan,0,6920,0,nan,nan,nan,nan,nan,nan,nan,nan,nan,nan,nan,nan,nan,nan,nan,nan,nan,nan
1,11,7008,-99.02118102554232,88,nan,nan,0,7008,0,nan,nan,nan,nan,nan,nan,nan,nan,nan,nan,nan,nan,nan,nan,nan,nan,nan,nan
1,12,7083,-97.44394763652235,75,nan,nan,0,7083,0,nan,nan,nan,nan,nan,nan,nan,nan,nan,nan,nan,nan,nan,nan,nan,nan,nan,nan
1,13,7157,-99.8046429976821,74,nan,nan,0,7157,0,nan,nan,nan,nan,nan,nan,nan,nan,nan,nan,nan,nan,nan,nan,nan,nan,nan,nan
1,14,7244,-101.5096299033612,87,nan,nan,0,7244,0,nan,nan,nan,nan,nan,nan,nan,nan,nan,nan,nan,nan,nan,nan,nan,nan,nan,nan
1,15,8844,-95.1928271088982,1600,nan,nan,0,8844,0,nan,nan,nan,nan,nan,nan,nan,nan,nan,nan,nan,nan,nan,nan,nan,nan,nan,nan
1,16,8901,-100.30985879292712,57,nan,nan,0,8901,0,nan,nan,nan,nan,nan,nan,nan,nan,nan,nan,nan,nan,nan,nan,nan,nan,nan,nan
1,17,8991,-102.3214415339753,90,nan,nan,0,8991,0,nan,nan,nan,nan,nan,nan,nan,nan,nan,nan,nan,nan,nan,nan,nan,nan,nan,nan
1,18,10354,-190.9560069120489,1363,14.649422006735888,nan,0,10354,0,-0.24361251463285752,-0.24210484387973943,-0.34741402231156826,nan,nan,nan,nan,nan,nan,nan,nan,nan,nan,nan,nan,nan,nan,nan
1,19,10418,-111.6652301568538,64,41.01674479177843,0.19626154455045858,1,10418,3840,-0.5760578940312068,-0.5815789940456549,-0.7829046204686165,0.9038869220142562,0.032397713512182236,0.03984658792614937,0.03660660982131958,0.028797214850783348,0.04138157516717911,0.31962692737579346,0.07148672640323639,0.48772671818733215,0.09129248559474945,0.049064233899116516,0.09791480749845505,0.044077273458242416,0.34078046679496765,0.26275092363357544
1,20,10550,-116.09579176874831,132,47.273499093949795,0.13143939858923356,1,10550,7680,-0.8108791933609889,-0.8226919291111139,-1.0196013251176248,1.3288420534344636,0.03091004490852356,0.03668716922402382,0.01979779824614525,0.02530248649418354,0.03387719392776489,0.5571562051773071,0.08109387010335922,0.8292454481124878,0.14321646094322205,0.03887256979942322,0.3470156192779541,0.09254081547260284,0.5805819630622864,0.17976780235767365
1,21,10630,-118.92309373244643,80,38.692315337061885,0.09677326544755843,1,10630,11520,-1.0750159814953804,-1.0681874167174101,-1.1826300770044327,1.3813957213113706,0.022800076752901077,0.03660876303911209,0.024165775626897812,0.022066818550229073,0.03777720034122467,0.5604794025421143,0.09506416320800781,0.8080449104309082,0.20746859908103943,0.035699572414159775,0.46574440598487854,0.10050687938928604,0.6415830254554749,0.2859603762626648
1,22,10702,-118.23353979364038,72,39.5399677165917,0.08812292476252812,1,10702,15360,-1.2594413357121603,-1.2522633867604391,-1.3798802503517695,1.084340739029425,0.025638898834586143,0.03531961515545845,0.020834166556596756,0.02088998816907406,0.03787574544548988,0.4461142122745514,0.08849672228097916,0.5873920917510986,0.2090349793434143,0.03633512929081917,0.37179088592529297,0.09493829309940338,0.48361825942993164,0.27335599064826965
1,23,10774,-122.59878996387124,72,44.316692473207205,0.08569430006228812,1,10774,19200,-1.55148178424154,-1.5441792947905404,-1.6639622177396503,1.0119624400028475,0.029474832117557526,0.025059400126338005,0.01563303917646408,0.022019870579242706,0.03908102586865425,0.3738246262073517,0.09494084864854813,0.537345290184021,0.23581035435199738,0.05224151536822319,0.19625841081142426,0.08262798190116882,0.5016495585441589,0.26517951488494873
1,24,11288,-140.39408734999597,514,28.01418320957352,0.08400314695068768,1,11288,23040,-1.7803907392071743,-1.780060781100217,-1.833193342592202,0.9414777550097414,0.021557731553912163,0.017169853672385216,0.015376947820186615,0.016235429793596268,0.04048510268330574,0.3384554982185364,0.06347265839576721,0.4273402690887451,0.2325822114944458,0.013605414889752865,0.16206395626068115,0.06484720855951309,0.555435836315155,0.24516314268112183
1,25,11345,-113.14271960034966,57,21.305902901291848,0.08122002617879347,1,11345,26880,-1.732403529882431,-1.7411957168579102,-1.7839490234851838,0.7268145190693482,0.014595386572182178,0.01977827213704586,0.01648235134780407,0.026411445811390877,0.036578524857759476,0.24543815851211548,0.06458990275859833,0.3249638080596924,0.25140804052352905,0.040741611272096634,0.18203963339328766,0.07332831621170044,0.23784464597702026,0.23593994975090027
1,26,11416,-115.7262650821358,71,21.609727303045137,0.07956525561484423,1,11416,30720,-1.6606478597436631,-1.6628427812031337,-1.697036168404988,0.7287057785081191,0.015894627198576927,0.01863376423716545,0.014521381817758083,0.02096548117697239,0.03365076333284378,0.23679204285144806,0.06312466412782669,0.3465684652328491,0.24537070095539093,0.03912974148988724,0.1926461011171341,0.06679221987724304,0.2227010875940323,0.2453995794057846
1,27,11464,-111.32797139696777,48,22.555258890986444,0.07831720426452882,1,11464,34560,-1.692650780081749,-1.6996901780366898,-1.7167225912213326,0.7667699311342505,0.02321094274520874,0.0209667831659317,0.019406720995903015,0.023157281801104546,0.03293998911976814,0.23668546974658966,0.048019442707300186,0.22106505930423737,0.27220526337623596,0.046022575348615646,0.255044549703598,0.08824557811021805,0.3302516043186188,0.25189757347106934
1,28,11565,-104.29569996614009,101,19.833807558715343,0.07729178293410575,1,11565,38400,-1.5638656491041183,-1.5654753744602203,-1.6197218376398086,0.9723057820655332,0.023602483794093132,0.013831733725965023,0.013216739520430565,0.024872075766324997,0.02557874470949173,0.18104752898216248,0.04918663203716278,0.21873508393764496,0.3322412073612213,0.04680093750357628,0.2912626266479492,0.07840434461832047,0.5485532879829407,0.31180906295776367
1,29,11660,-116.71918716281652,95,22.574181126720376,0.07650964623248135,1,11660,42240,-1.6196172740724353,-1.6251645154423184,-1.6642719123098586,0.8405058435180729,0.016982033848762512,0.017972497269511223,0.013268752954900265,0.024390360340476036,0.026661278679966927,0.1779576987028122,0.04779107868671417,0.21334035694599152,0.28587406873703003,0.04435389116406441,0.31483277678489685,0.07468383014202118,0.42528948187828064,0.2544915974140167
1,30,11739,-114.6260164566338,79,21.359850110326494,0.07571553462081486,1,11739,46080,-1.703465531553541,-1.6947638818195887,-1.716077836922237,0.7793853647598235,0.016200674697756767,0.018010038882493973,0.015067868866026402,0.019710713997483253,0.030851038172841072,0.23529984056949615,0.059842705726623535,0.3056034743785858,0.2298726737499237,0.04728282615542412,0.25233903527259827,0.07650137692689896,0.35127225518226624,0.24155990779399872
1,31,11802,-114.5223431494087,63,24.475538460413613,0.07492694699101977,1,11802,49920,-1.7010867049296696,-1.7177923669417698,-1.7854549169540406,0.8650711191394344,0.030567076057195663,0.018963292241096497,0.017964854836463928,0.023947736248373985,0.031482841819524765,0.26581040024757385,0.06841719895601273,0.3667205274105072,0.2325918823480606,0.057829953730106354,0.2895057201385498,0.07650433480739594,0.3487641513347626,0.2797483205795288
1,32,11906,-118.08839726261795,104,22.37289422273636,0.07431031800266626,1,11906,53760,-1.6947826421260834,-1.6954329752922057,-1.7456914013624192,0.8155253624113706,0.018538933247327805,0.016029682010412216,0.014254376292228699,0.023900292813777924,0.022937824949622154,0.14367535710334778,0.03823369741439819,0.17493274807929993,0.2876216769218445,0.042914509773254395,0.31170347332954407,0.07658402621746063,0.42376309633255005,0.22401945292949677
1,33,11988,-117.05526437237859,82,21.31101033464074,0.07365731886331586,1,11988,57600,-1.716788252443075,-1.7234395444393158,-1.8263000011444093,0.7520641233862901,0.019592441618442535,0.015701808035373688,0.01737223006784916,0.02856314182281494,0.02354738861322403,0.14203959703445435,0.03863679990172386,0.19803230464458466,0.24448662996292114,0.046277210116386414,0.2950587272644043,0.07631247490644455,0.3698003590106964,0.1973535269498825
1,34,12059,-115.20527238212526,71,21.0616953473006,0.0729987430723681,1,12059,61440,-1.8494199190820966,-1.8599709800311497,-1.9135419530527933,0.661882588421235,0.017159603536128998,0.016741516068577766,0.012750775553286076,0.025839902460575104,0.02212703414261341,0.1312657743692398,0.03676813095808029,0.16024762392044067,0.21294358372688293,0.046136338263750076,0.28618910908699036,0.07552377134561539,0.32802340388298035,0.16104446351528168
1,35,12130,-117.25466231442988,71,22.179309332796507,0.07231789006197706,1,12130,65280,-1.8153143812503134,-1.8044342846742698,-1.925395315885544,0.7472795976999219,0.01674520969390869,0.015704160556197166,0.014461053535342216,0.026697609573602676,0.022663477808237076,0.14218004047870636,0.043269380927085876,0.23082007467746735,0.20713064074516296,0.04734121635556221,0.2786282002925873,0.07623855024576187,0.3637068569660187,0.2047131359577179
1,36,12211,-117.41844117455184,81,23.562153840810062,0.07175580995514037,1,12211,69120,-1.9942329093813895,-1.9906316578388215,-2.054518777132034,0.7893920480714414,0.01896192878484726,0.01573849841952324,0.017298409715294838,0.027023984119296074,0.02189510688185692,0.16417360305786133,0.050624098628759384,0.3294435739517212,0.214424267411232,0.04296421259641647,0.2715958058834076,0.0733024999499321,0.34198418259620667,0.19366787374019623
1,37,12264,-110.49461302161217,53,25.639583093822,0.07125995817019584,1,12264,72960,-2.085278382301331,-2.0884878730773924,-2.1363091707229613,0.6896051871326736,0.022574713453650475,0.015279283747076988,0.01426722388714552,0.02841748110949993,0.026076145470142365,0.15806737542152405,0.040953390300273895,0.22785350680351257,0.18363738059997559,0.0495135635137558,0.26507624983787537,0.08738531917333603,0.3242054581642151,0.15993632376194
1,38,12356,-116.3301466461271,92,23.066621125737825,0.0706867148373144,1,12356,76800,-2.0850570884015824,-2.086527309152815,-2.1655612932311166,0.6330218599110409,0.016772331669926643,0.013270623050630093,0.013626674190163612,0.021370839327573776,0.018484223634004593,0.10319548845291138,0.030545538291335106,0.17644977569580078,0.20331870019435883,0.040408648550510406,0.2578757107257843,0.06487901508808136,0.3194830119609833,0.13759268820285797
1,39,12416,-114.80509427934885,60,20.767681444933018,0.07002048893417749,1,12416,80640,-2.1588143825531008,-2.159877630074819,-2.222758444150289,0.7532549921009276,0.019363442435860634,0.015390578657388687,0.018639976158738136,0.029541827738285065,0.02412276901304722,0.18393920361995697,0.0552450567483902,0.3647429049015045,0.1716349869966507,0.04498143866658211,0.26547321677207947,0.07150042057037354,0.29531851410865784,0.15723446011543274
1,40,12472,-113.56247929669917,56,17.21534672409296,0.06957158070161111,1,12472,84480,-2.1602984070777893,-2.162847125530243,-2.2037589311599732,0.7582600764220668,0.024515656754374504,0.015279163606464863,0.015993276610970497,0.028990451246500015,0.02551313117146492,0.20076100528240204,0.05047919601202011,0.32027891278266907,0.16625283658504486,0.04866662621498108,0.2686862349510193,0.07935412973165512,0.312957227230072,0.15752477943897247
1,41,12555,-116.6523474920541,83,19.015654224157334,0.0690884802593953,1,12555,88320,-2.2868409991264342,-2.2798652023077013,-2.3474388524889944,0.7252177223263975,0.015735546126961708,0.013639423996210098,0.016519825905561447,0.02480190619826317,0.01987394317984581,0.14372573792934418,0.04255073517560959,0.26148730516433716,0.19974584877490997,0.040240559726953506,0.24760080873966217,0.06554341316223145,0.2886194586753845,0.1837451308965683
1,42,12606,-112.0000175293535,51,22.371867719888687,0.06857085602015865,1,12606,92160,-2.419036784172058,-2.4231884598731996,-2.4810580253601073,0.7679947122834088,0.019910646602511406,0.015401973389089108,0.017586426809430122,0.02807576023042202,0.02495754323899746,0.1856568306684494,0.054313790053129196,0.32285600900650024,0.16029582917690277,0.04678688198328018,0.26339811086654663,0.07239339500665665,0.24731703102588654,0.21787810325622559
1,43,12716,-103.977089547785,110,20.087349872697484,0.06814622675277748,1,12716,96000,-2.4284026156772267,-2.4250010186975652,-2.481807035749609,0.7934805303360477,0.02411649376153946,0.012545928359031677,0.011330869048833847,0.018926041200757027,0.016250653192400932,0.10419206321239471,0.03953365236520767,0.2151438146829605,0.28114375472068787,0.037649527192115784,0.27165377140045166,0.06297097355127335,0.33891528844833374,0.273393452167511
1,44,12770,-109.16260009072721,54,23.989687389731408,0.06768983741905414,1,12770,99840,-2.737151689529419,-2.7552789187431337,-2.737252082824707,0.7660430334048507,0.03299599140882492,0.014924047514796257,0.015478866174817085,0.024570059031248093,0.019137727096676826,0.13236156105995178,0.042277898639440536,0.17235156893730164,0.21484921872615814,0.052742283791303635,0.31425076723098755,0.07245016098022461,0.24466341733932495,0.28922930359840393
1,45,12827,-116.78681490384042,57,19.54447309136391,0.06729200279631582,1,12827,103680,-2.647968981266022,-2.6427262258529662,-2.7209066343307495,0.7408975542288774,0.03141748160123825,0.014613840728998184,0.01478535681962967,0.02646523341536522,0.024336855858564377,0.21915392577648163,0.05582014471292496,0.29871612787246704,0.17400550842285156,0.05179109424352646,0.2548903822898865,0.05992975831031799,0.2419547736644745,0.2563702166080475
1,46,12929,-124.24593306705356,102,23.08855277404189,0.0668895175208648,1,12929,107520,-2.666716789007187,-2.6631292831897735,-2.749202592372894,0.8598952222785919,0.02416832372546196,0.01821085251867771,0.01723197102546692,0.018463749438524246,0.025153610855340958,0.3400179147720337,0.05844336748123169,0.35914602875709534,0.16785186529159546,0.03630009666085243,0.21571607887744904,0.06413694471120834,0.35424351692199707,0.27690064907073975
1,47,13106,-110.99540949612856,177,21.81152196114554,0.06652960055569808,1,13106,111360,-2.714154536583844,-2.7186923412715687,-2.7837211643948274,0.7244719871356662,0.028521599248051643,0.014589358121156693,0.01087727677077055,0.014521753415465355,0.01963300257921219,0.16451989114284515,0.052004292607307434,0.35269004106521606,0.17824633419513702,0.033135317265987396,0.22691448032855988,0.05084351450204849,0.2550182342529297,0.2080848217010498
1,48,13163,-109.02860738709569,57,23.65032918870449,0.06591816321015358,1,13163,115200,-2.8594852685928345,-2.869543237686157,-2.9445184111595153,0.6479297047644332,0.0305341687053442,0.01402575895190239,0.013954468071460724,0.02058698795735836,0.017504006624221802,0.11492122709751129,0.0382331982254982,0.15076442062854767,0.2282668650150299,0.04695959389209747,0.276280015707016,0.06505302339792252,0.21903261542320251,0.19466005265712738
1,49,13217,-108.98767810687423,54,19.95934703707695,0.06549586174534816,1,13217,119040,-2.8892889833450317,-2.897628357410431,-2.982641251087189,0.6257956896299198,0.030058257281780243,0.014518787153065205,0.01418645866215229,0.02021564543247223,0.02044851705431938,0.12888960540294647,0.04020078107714653,0.13884025812149048,0.20224212110042572,0.04313286021351814,0.2635171115398407,0.05709852650761604,0.1749211996793747,0.2060503214597702
1,50,13371,-113.56975360028446,154,24.291700865328313,0.06509272266739334,1,13371,122880,-3.0903197820981343,-3.1053329237302143,-3.1711067732175193,0.7350579647274761,0.018148569390177727,0.011987781152129173,0.009936289861798286,0.017119169235229492,0.013879193924367428,0.10614052414894104,0.035318538546562195,0.17833620309829712,0.2309446930885315,0.03452308103442192,0.2926589548587799,0.04622538387775421,0.2294486165046692,0.27507659792900085
1,51,13402,-112.90583282709122,31,28.613296383619307,0.06456267258677727,1,13402,126720,-3.286428372065226,-3.2983694950739544,-3.332153042157491,0.6851892232574444,0.05283067747950554,0.017258048057556152,0.014862076379358768,0.024248141795396805,0.03158735856413841,0.21282818913459778,0.06379125267267227,0.25441592931747437,0.16403992474079132,0.03774440661072731,0.25149935483932495,0.06958723813295364,0.27478277683258057,0.1221977174282074
1,52,13434,-114.47061514854431,32,25.83674300312996,0.0642337879166007,1,13434,130560,-3.4226574619611103,-3.4322351376215616,-3.4728422204653424,0.6825618211490412,0.05696960166096687,0.016296273097395897,0.01783197745680809,0.022125642746686935,0.030695728957653046,0.1938709020614624,0.05787930637598038,0.23950614035129547,0.15591593086719513,0.036027200520038605,0.24086225032806396,0.07138828933238983,0.2921111285686493,0.1341843456029892
1,53,13479,-109.11306954734027,45,22.888632029294968,0.06387127309751052,1,13479,134400,-3.4700101017951965,-3.4777183413505552,-3.5286536812782288,0.6558171818653743,0.0309884175658226,0.012480126693844795,0.014627893455326557,0.02182200364768505,0.022646337747573853,0.12815186381340027,0.04221576452255249,0.1655423492193222,0.17870332300662994,0.034399595111608505,0.24324749410152435,0.05176869034767151,0.20967701077461243,0.2429850697517395
1,54,13528,-108.93503227084875,49,26.70866078659892,0.06347231668635056,1,13528,138240,-3.654599040746689,-3.6412545680999755,-3.690107214450836,0.736945154614189,0.030183151364326477,0.014957413077354431,0.014499886892735958,0.023658357560634613,0.025662438943982124,0.16225947439670563,0.05102279782295227,0.22556209564208984,0.20032544434070587,0.036026354879140854,0.2876085638999939,0.05255358666181564,0.2743665277957916,0.23168453574180603
1,55,13578,-109.62168901599944,50,32.70772298395634,0.06317993536209449,1,13578,142080,-3.7544905090332032,-3.755267243385315,-3.8473270559310913,0.7131040830413501,0.026934579014778137,0.014374946244060993,0.013967200182378292,0.022785797715187073,0.023041358217597008,0.12501958012580872,0.04621169716119766,0.17780880630016327,0.21153250336647034,0.03303751349449158,0.2729526162147522,0.0470472015440464,0.21512342989444733,0.25836315751075745
1,56,13623,-110.71600052341819,45,24.097380723059178,0.06282488203742219,1,13623,145920,-3.7281970620155334,-3.719988167285919,-3.81281863451004,0.7065263347493278,0.028440004214644432,0.01522433664649725,0.012417081743478775,0.024250991642475128,0.02939383126795292,0.19531570374965668,0.05381038412451744,0.3000384569168091,0.1350274533033371,0.036172401160001755,0.19798173010349274,0.05501476302742958,0.24966883659362793,0.21026505529880524
1,57,13669,-110.94176621548831,46,35.98694223836064,0.06246549124893902,1,13669,149760,-3.9203226208686828,-3.9441394567489625,-4.009746497869491,0.7247919408955434,0.02887403964996338,0.013621306046843529,0.013322597369551659,0.024755682796239853,0.028583060950040817,0.18789739906787872,0.05505252256989479,0.3136921226978302,0.14371873438358307,0.036132074892520905,0.1951826512813568,0.05708818882703781,0.28362396359443665,0.23517143726348877
1,58,13716,-109.91522223316133,47,28.222790178656577,0.06212092245337348,1,13716,153600,-4.0156275689601895,-4.006636905670166,-4.058807516098023,0.6225140008097846,0.02228424698114395,0.011211290955543518,0.007515402976423502,0.022596845403313637,0.02496197447180748,0.15272147953510284,0.044925469905138016,0.210767924785614,0.16685552895069122,0.0354413166642189,0.20268237590789795,0.0442095547914505,0.18645915389060974,0.15970489382743835
1,59,13761,-110.4445108436048,45,29.055350017547607,0.06174762695090576,1,13761,157440,-3.880406302213669,-3.8933096647262575,-3.969855034351349,0.6946888541733778,0.029339663684368134,0.014734507538378239,0.011521703563630581,0.02394821308553219,0.0282506812363863,0.19846545159816742,0.048724640160799026,0.22173629701137543,0.17355826497077942,0.03707030788064003,0.1987074315547943,0.05565604567527771,0.2712124288082123,0.22368717193603516
1,60,13799,-111.22058395668864,38,38.33105260332425,0.06140050291546486,1,13799,161280,-4.174817649523417,-4.18466800848643,-4.334385903676351,0.6653710533129541,0.032152485102415085,0.014321349561214447,0.012635745108127594,0.02341117523610592,0.025117814540863037,0.15035229921340942,0.0496065691113472,0.17894262075424194,0.16109788417816162,0.0345730260014534,0.2390803098678589,0.05479619279503822,0.2380233108997345,0.21355082094669342
1,61,13845,-108.94826028309762,46,29.556870153546335,0.06106105494611668,1,13845,165120,-4.452339094877243,-4.456610333919525,-4.48382231593132,0.7055723630431769,0.02427281253039837,0.012468431144952774,0.013805302791297436,0.022663207724690437,0.022099966183304787,0.1308669149875641,0.0452241376042366,0.1716042011976242,0.20121945440769196,0.03334921598434448,0.261993944644928,0.04799222946166992,0.2268974334001541,0.2590278387069702
1,62,13884,-110.37004199624062,39,32.089691431323686,0.06072532626121868,1,13884,168960,-4.425133570035299,-4.425969235102335,-4.477161129315694,0.6808057176506417,0.02833878993988037,0.013510842807590961,0.014797196723520756,0.021812262013554573,0.041648026555776596,0.1520104855298996,0.06834180653095245,0.17829589545726776,0.18710541725158691,0.03593951836228371,0.26808834075927734,0.0512886717915535,0.2624092996120453,0.15077467262744904
1,63,13935,-108.87531721778214,51,27.89904335975647,0.060413072400806865,1,13935,172800,-4.365746655464172,-4.36010181427002,-4.4524534225463865,0.6566951427779167,0.018644673749804497,0.012127748690545559,0.012453164905309677,0.02115688845515251,0.029902320355176926,0.1319347620010376,0.050132207572460175,0.11317143589258194,0.2084614634513855,0.033018048852682114,0.29007723927497864,0.038851745426654816,0.20103995501995087,0.21419841051101685
1,64,13995,-111.65918166004121,60,34.56287498871485,0.06008327076740471,1,13995,176640,-4.582207004229228,-4.5922429203987125,-4.6704608996709185,0.8197345460454623,0.017562633380293846,0.014739497564733028,0.016838951036334038,0.02736383117735386,0.03477329760789871,0.20242884755134583,0.08172888308763504,0.4203360378742218,0.26971596479415894,0.03104441612958908,0.21875257790088654,0.04584924504160881,0.2606818377971649,0.19089381396770477
1,65,14106,-131.8932806290686,111,30.73935445763848,0.05982345011959105,1,14106,180480,-4.4856590249321675,-4.494101056185635,-4.53964944969524,0.8819684251113696,0.017372073605656624,0.01458460558205843,0.01566326804459095,0.02163550816476345,0.03390107303857803,0.2597046494483948,0.06254713982343674,0.38435882329940796,0.2773090600967407,0.03037046082317829,0.19169855117797852,0.0652468353509903,0.45759132504463196,0.20810909569263458
1,66,14212,-140.82110187225044,106,33.44340900838375,0.059536370639548156,1,14212,184320,-4.963242065906525,-4.974418940544129,-5.073879384994507,0.9164731690906128,0.022273262962698936,0.016169333830475807,0.01658484898507595,0.023292148485779762,0.03614295274019241,0.2695513963699341,0.06599398702383041,0.4524676501750946,0.2647753953933716,0.028984108939766884,0.18225893378257751,0.05750343203544617,0.41753822565078735,0.23695337772369385
1,67,14330,-138.4730555638671,118,29.363538345965473,0.059339304318030674,1,14330,188160,-4.947643908587369,-4.960699907216159,-5.0254319429397585,0.9522244357793346,0.019609613344073296,0.016800325363874435,0.018370090052485466,0.02363448031246662,0.030308127403259277,0.2315308153629303,0.06488549709320068,0.5228428244590759,0.22306057810783386,0.03041859343647957,0.19767969846725464,0.063447967171669,0.45656251907348633,0.22475147247314453
1,68,14419,-134.86555258370936,89,32.1163660556078,0.05914817185112924,1,14419,192000,-5.261193162202835,-5.262775975465774,-5.286381578445434,0.8463203854551923,0.019806619733572006,0.013670665211975574,0.014383124187588692,0.021433234214782715,0.025613972917199135,0.19055768847465515,0.06104789301753044,0.3986424207687378,0.23150327801704407,0.03126019611954689,0.2523374855518341,0.057411253452301025,0.3637976348400116,0.21414591372013092
1,69,14500,-134.38705317862332,81,28.16091001033783,0.05884076850488782,1,14500,195840,-5.3590931504964825,-5.36517051756382,-5.420202857255935,0.7967111700724181,0.025309380143880844,0.013686684891581535,0.017047453671693802,0.02045704796910286,0.027799809351563454,0.21503201127052307,0.059821486473083496,0.37158891558647156,0.22131603956222534,0.030652649700641632,0.2016373574733734,0.060131896287202835,0.3636394441127777,0.24469579756259918
1,70,14593,-136.83475207537413,93,28.431987430651983,0.05850433044224268,1,14593,199680,-5.203575992584229,-5.211728758282131,-5.302522810300191,0.8249743004533124,0.02274865284562111,0.013540900312364101,0.016596436500549316,0.025362491607666016,0.0239933580160141,0.22689694166183472,0.06400166451931,0.41243666410446167,0.22165991365909576,0.03377492353320122,0.2592943012714386,0.050635527819395065,0.31473150849342346,0.218710258603096
1,71,14708,-138.41557563841343,115,32.98699972846291,0.058181471734890466,1,14708,203520,-5.583609706705267,-5.595141970027576,-5.672267772934654,0.8240535373273103,0.018062951043248177,0.016090409830212593,0.016437746584415436,0.022957080975174904,0.02888786420226097,0.24749992787837982,0.05411353334784508,0.3545331656932831,0.23928116261959076,0.030930133536458015,0.23099131882190704,0.055885594338178635,0.36434823274612427,0.21932466328144073
1,72,16308,-87.90154761634767,1600,25.45764573249966,0.05787713857509239,1,16308,207360,-5.915650132149458,-5.921623595952988,-5.979804278761148,0.6507194058224559,0.01354411244392395,0.010851043276488781,0.011621744371950626,0.010114092379808426,0.011935696937143803,0.1544686257839203,0.025748951360583305,0.15735416114330292,0.19631265103816986,0.01956460438668728,0.2175378054380417,0.0360078439116478,0.2909297049045563,0.28363168239593506
1,73,17908,-119.58034908678383,1600,16.004191847853363,0.05514629731575648,1,17908,211200,-5.7399959735572335,-5.738730412125587,-5.7825624683499335,0.49661960993583,0.011241854168474674,0.006095832213759422,0.008601021021604538,0.007100051734596491,0.007437484804540873,0.06643622368574142,0.013899906538426876,0.12255735695362091,0.182445228099823,0.021360451355576515,0.21970365941524506,0.030656030401587486,0.22448527812957764,0.2158600091934204
1,74,17972,-111.70014701038599,64,11.572784912586211,0.051171873848219425,1,17972,215040,-5.156516246000925,-5.14889897108078,-5.180002872149149,0.7093102215245987,0.021950753405690193,0.012199017219245434,0.01821083202958107,0.020548759028315544,0.02130855619907379,0.17844653129577637,0.04903605580329895,0.3340647220611572,0.20864900946617126,0.024353595450520515,0.16911795735359192,0.06604015082120895,0.35385453701019287,0.13121002912521362
1,75,18149,-114.23009769804776,177,13.935552067616406,0.050646661906724885,1,18149,218880,-5.288379352232989,-5.268641154906329,-5.296174920306486,0.8520540502167915,0.022116849198937416,0.016076955944299698,0.01680406555533409,0.01850074902176857,0.026910755783319473,0.25800564885139465,0.044052645564079285,0.2722208797931671,0.17428570985794067,0.03077567368745804,0.29935356974601746,0.04228867217898369,0.37372657656669617,0.27333295345306396
1,76,18204,-113.57873450964689,55,14.30052634358406,0.05047983271025476,1,18204,222720,-5.2706328296661376,-5.242305688858032,-5.2997632551193234,0.7990104498285235,0.020438339561223984,0.013627338223159313,0.016004057601094246,0.02588515542447567,0.029660869389772415,0.24616378545761108,0.049907784909009933,0.2579267621040344,0.17480024695396423,0.03890064358711243,0.2913961708545685,0.05835062265396118,0.37149766087532043,0.18482398986816406
1,77,18238,-111.73231463134289,34,11.07665272752444,0.050236763039105375,1,18238,226560,-5.2923850854237875,-5.280282187461853,-5.3333741426467896,0.5916342196219108,0.0416010320186615,0.012883728370070457,0.01818106882274151,0.018944183364510536,0.02384498156607151,0.17519305646419525,0.04506279155611992,0.20894217491149902,0.137931227684021,0.02717556059360504,0.14157602190971375,0.06606093794107437,0.3216540515422821,0.11262740194797516
1,78,18292,-113.00183668080717,54,14.477221829891205,0.0499758630011563,1,18292,230400,-5.3784712171554565,-5.395867404937744,-5.422354755401611,0.7156513762878782,0.02709609642624855,0.01434449665248394,0.01064746268093586,0.02373342216014862,0.027166636660695076,0.20027658343315125,0.05117218568921089,0.28098735213279724,0.11846699565649033,0.03157554939389229,0.21978241205215454,0.051947928965091705,0.3477258086204529,0.15930236876010895
1,79,18424,-124.96705816872418,132,13.129088176672274,0.04973940405767289,1,18424,234240,-5.25485273874723,-5.240080341925988,-5.295902129319998,0.7856254228061498,0.022653423249721527,0.015941621735692024,0.016197487711906433,0.020709656178951263,0.029393106698989868,0.2646239399909973,0.04262099415063858,0.2865906357765198,0.1967197209596634,0.028598463162779808,0.24209018051624298,0.0465848408639431,0.3303118050098419,0.20714451372623444
1,80,18474,-108.52098596282303,50,13.159183393716813,0.049601655114144785,1,18474,238080,-5.226244747638702,-5.215871577262878,-5.265746269226074,0.7312103657921155,0.02158624492585659,0.013976752758026123,0.012105227448046207,0.02479398250579834,0.029738731682300568,0.2497091442346573,0.050157781690359116,0.2616185247898102,0.14287245273590088,0.03256472945213318,0.24082084000110626,0.05197468772530556,0.3334587812423706,0.16577844321727753
1,81,18532,-111.92776435613632,58,15.86634144306183,0.0494072329390932,1,18532,241920,-5.510614986419678,-5.519885425567627,-5.502038650512695,0.7183237652155173,0.02003619447350502,0.01306181587278843,0.010855209082365036,0.02210867591202259,0.0271917637437582,0.2371300607919693,0.04809243604540825,0.26737526059150696,0.1164751797914505,0.029155690222978592,0.20884175598621368,0.05061497911810875,0.3412628173828125,0.14122071862220764
1,82,18589,-114.01503747142851,57,11.469578552246094,0.04921530210240572,1,18589,245760,-5.110847945213318,-5.098316235542297,-5.130341377258301,0.6858631322781246,0.022388488054275513,0.010950958356261253,0.011495379731059074,0.02440481446683407,0.023324424400925636,0.20044554769992828,0.04229413717985153,0.23142839968204498,0.1108660101890564,0.0280838031321764,0.22912940382957458,0.05156060680747032,0.32585906982421875,0.15484125912189484
1,83,18660,-115.51696144975722,71,12.695956501790455,0.04904034117719641,1,18660,249600,-5.335755259650094,-5.362346008845738,-5.371199570383344,0.8290643432470555,0.017951061949133873,0.01496313139796257,0.013266011141240597,0.022664882242679596,0.03142838180065155,0.2856408953666687,0.04708275943994522,0.2879128158092499,0.15448662638664246,0.032543573528528214,0.2903110980987549,0.047492679208517075,0.3441598117351532,0.21194207668304443
1,84,18832,-104.1126302452758,172,12.797641665444655,0.04891166612505913,1,18832,253440,-5.325368121091057,-5.317188469101401,-5.351699730929206,0.8210962557977485,0.023353606462478638,0.014039258472621441,0.01392748299986124,0.01856023259460926,0.02536778338253498,0.23576989769935608,0.03826314955949783,0.25958922505378723,0.17017139494419098,0.025501908734440804,0.23777294158935547,0.04561715945601463,0.4018712043762207,0.2806166708469391
1,85,18925,-127.45589137263596,93,13.275588628318575,0.04883289430375513,1,18925,257280,-5.543422547976176,-5.529824137687683,-5.573413141568502,0.7604837387159307,0.029731055721640587,0.014316633343696594,0.016693511977791786,0.021029425784945488,0.031716540455818176,0.23785290122032166,0.047264356166124344,0.29504692554473877,0.1887778639793396,0.030171681195497513,0.20758813619613647,0.05411456897854805,0.3529621958732605,0.18660126626491547
1,86,18978,-111.04530637897551,53,12.467507590055465,0.048652405390456385,1,18978,261120,-5.1237535572052,-5.115880861282348,-5.148943023681641,0.7134361107769253,0.014091993682086468,0.013296729885041714,0.015455116517841816,0.024293703958392143,0.02501046285033226,0.1987154185771942,0.03644208982586861,0.18907058238983154,0.15766401588916779,0.03209378197789192,0.27808675169944763,0.04778400808572769,0.3472405672073364,0.18662290275096893
1,87,19152,-119.8626093249768,174,11.394364510564243,0.048501020579321964,1,19152,264960,-5.445848432709189,-5.449026716456694,-5.4769848697325765,0.7441499594641828,0.01920989528298378,0.014151290990412235,0.012680791318416595,0.01775076426565647,0.02898845449090004,0.27756181359291077,0.0424991250038147,0.28056812286376953,0.16029763221740723,0.022012170404195786,0.2232445925474167,0.04239010438323021,0.3081357181072235,0.1971510499715805
1,88,19265,-100.23455620091408,113,14.245862247185274,0.04835189541650785,1,19265,268800,-5.393984692746943,-5.4008447842164475,-5.429373186284845,0.715745078998681,0.015177967958152294,0.014644728973507881,0.01681256853044033,0.021542426198720932,0.0265494491904974,0.1955430507659912,0.045580267906188965,0.2842629551887512,0.16724735498428345,0.025210361927747726,0.23225605487823486,0.0482037216424942,0.33423149585723877,0.20947523415088654
1,89,19615,-127.07309027877636,350,12.75550438097545,0.04815336738030116,1,19615,272640,-5.288787493024554,-5.28875611782074,-5.310853362764631,0.6168968445204553,0.01305460650473833,0.009753233753144741,0.014223539270460606,0.009611716493964195,0.015306576155126095,0.12320353090763092,0.03844801336526871,0.3559983968734741,0.1387840062379837,0.016754232347011566,0.12300154566764832,0.028408655896782875,0.26157814264297485,0.2159915417432785
1,90,19681,-105.79478762019426,66,10.985009322563807,0.047648424910087334,1,19681,276480,-4.947279540697734,-4.975464137395223,-5.005493477980296,0.8322930767981692,0.01839534193277359,0.017701763659715652,0.016379037871956825,0.02253664657473564,0.03065037727355957,0.24792173504829407,0.05564826726913452,0.35176602005958557,0.23285514116287231,0.027141297236084938,0.25648772716522217,0.05384266376495361,0.36089441180229187,0.22131040692329407
1,91,20051,-149.42053712322377,370,11.539773369479823,0.04746908944492277,1,20051,280320,-4.881509808914082,-4.872924989300805,-4.907766718477816,0.9740624248444497,0.016806991770863533,0.016142701730132103,0.0161699540913105,0.019444551318883896,0.027844710275530815,0.2986598312854767,0.057150259613990784,0.474470317363739,0.245586559176445,0.02701772190630436,0.2762947380542755,0.04471006616950035,0.3631564676761627,0.2339903563261032
1,92,20432,-153.16520133195445,381,10.824091433851342,0.047806208049002874,1,20432,284160,-4.495866957150008,-4.487355157889818,-4.511479708081797,0.963557160927972,0.018291033804416656,0.016434937715530396,0.015340152196586132,0.018374109640717506,0.02884439192712307,0.2975783348083496,0.052728597074747086,0.4209778904914856,0.20438995957374573,0.02828911319375038,0.26978254318237305,0.052000973373651505,0.41946572065353394,0.3086030185222626
1,93,20536,-102.90594228357077,104,11.709813619852065,0.04806238143755917,1,20536,288000,-4.144620620012283,-4.124236183166504,-4.167307912111283,0.9131069358151692,0.015963232144713402,0.017601367086172104,0.01640566997230053,0.02294660359621048,0.04001395031809807,0.29108017683029175,0.06539361923933029,0.4409714341163635,0.25802847743034363,0.028084952384233475,0.27477389574050903,0.051714394241571426,0.3700540363788605,0.22191371023654938
1,94,20589,-103.59966412186623,53,18.35151492357254,0.047965549010162555,1,20589,291840,-4.308475604057312,-4.27326651096344,-4.343009169101715,0.8941382970075188,0.01623867079615593,0.018539752811193466,0.020914604887366295,0.025352690368890762,0.0475984625518322,0.3339235782623291,0.06892124563455582,0.3853113055229187,0.21464493870735168,0.031191067770123482,0.27916932106018066,0.0574529804289341,0.3795160949230194,0.22870126366615295
1,95,20770,-134.75683529675007,181,12.175077994002237,0.0478256940189749,1,20770,295680,-4.035751924249861,-4.034695485565398,-4.061384675569005,1.0093936531034402,0.018867691978812218,0.016291972249746323,0.015414459630846977,0.017735863104462624,0.034307148307561874,0.3120543956756592,0.06351274251937866,0.49667754769325256,0.24571704864501953,0.02670113369822502,0.256714403629303,0.057822197675704956,0.4384878873825073,0.2804214656352997
1,96,20966,-135.85214769141749,196,12.551588716005025,0.04791707900571234,1,20966,299520,-3.6663422587670778,-3.6685808166077263,-3.7131470033996985,0.9664377133254292,0.016957499086856842,0.01673262007534504,0.018332554027438164,0.018184537068009377,0.030299022793769836,0.28508058190345764,0.05170997232198715,0.41571810841560364,0.24875704944133759,0.028873499482870102,0.2678472101688385,0.054871816188097,0.4490358531475067,0.2581028938293457
1,97,21061,-123.22749741375446,95,10.99471386273702,0.04800416878405422,1,21061,303360,-3.5280507862567902,-3.520036894083023,-3.5562936147054036,0.943355681812554,0.015530664473772049,0.016234014183282852,0.016124682500958443,0.022563958540558815,0.03467867523431778,0.30104339122772217,0.0589660182595253,0.43434545397758484,0.19242337346076965,0.03026682697236538,0.27914541959762573,0.04834337905049324,0.38953423500061035,0.28275585174560547
1,98,21179,-130.95110373944044,118,12.936390937458386,0.04790771476682124,1,21179,307200,-3.523049584843896,-3.501164542544972,-3.547055501287634,0.9820940804346806,0.016829974949359894,0.01715886779129505,0.01605314202606678,0.02358907088637352,0.03239145874977112,0.2796439826488495,0.06172985956072807,0.4521748423576355,0.3002612292766571,0.03179559111595154,0.28788596391677856,0.051161713898181915,0.38881489634513855,0.27762651443481445
1,99,21240,-113.52633300609887,61,11.967625518639883,0.04786845899330891,1,21240,311040,-3.571139771739642,-3.55398996869723,-3.6164438957969347,0.8725248516583053,0.02213571034371853,0.02170567959547043,0.018298553302884102,0.02594156749546528,0.037214502692222595,0.31540247797966003,0.06532353907823563,0.39873412251472473,0.25073909759521484,0.029600176960229874,0.27411267161369324,0.04048774391412735,0.2787005305290222,0.2461930513381958
1,100,21347,-128.84177231788635,107,12.724504432678224,0.04773218266181345,1,21347,314880,-3.3926949387788774,-3.389831898212433,-3.4141259562969206,0.9289566462285052,0.017579631879925728,0.016574641689658165,0.017165321856737137,0.023343948647379875,0.0308882724493742,0.2882874310016632,0.05973799154162407,0.39640986919403076,0.23982729017734528,0.030457476153969765,0.29257071018218994,0.05123761296272278,0.3858679533004761,0.24703770875930786
1,101,21429,-119.1660613566637,82,11.355564853549003,0.047621401213857543,1,21429,318720,-3.007047294266522,-3.032058769837022,-3.0219535123556853,0.9109221946417798,0.017428994178771973,0.016362668946385384,0.017807764932513237,0.024760765954852104,0.03600286692380905,0.30527228116989136,0.06023542955517769,0.3674246370792389,0.22873297333717346,0.029220623895525932,0.2667982876300812,0.04926512762904167,0.37856101989746094,0.27907079458236694
1,102,21545,-107.77167768590152,116,13.313227092136037,0.04750816708946803,1,21545,322560,-3.42383259778673,-3.4073575900359585,-3.4354604190046136,0.8256026987714331,0.015451790764927864,0.01530830841511488,0.013984412886202335,0.01907387003302574,0.030958037823438644,0.24593453109264374,0.05867145210504532,0.35881462693214417,0.2003258615732193,0.02742764912545681,0.24257192015647888,0.04888102784752846,0.3767472207546234,0.23002074658870697
1,103,21742,-100.45995055418462,197,13.33208337834007,0.04737692533267869,1,21742,326400,-2.912008419789766,-2.9088566844400607,-2.9396174912389954,0.8330743081376032,0.012356963939964771,0.015731167048215866,0.012521534226834774,0.018708936870098114,0.025411810725927353,0.22221887111663818,0.050483670085668564,0.33789849281311035,0.22046467661857605,0.023636769503355026,0.2224554717540741,0.054825179278850555,0.4371360242366791,0.22191528975963593
1,104,21892,-108.61194902099669,150,12.264132317701975,0.04728534625222285,1,21892,330240,-2.3823274075984955,-2.386757548848788,-2.4088862238327664,0.8695960216389763,0.014033371582627296,0.014222720637917519,0.013583320192992687,0.018624935299158096,0.028612393885850906,0.25788697600364685,0.054743848741054535,0.3834153115749359,0.2502264976501465,0.02618710696697235,0.22610382735729218,0.04934132099151611,0.39017006754875183,0.22258132696151733
1,105,21971,-108.94640859402716,79,11.284455076285772,0.04719103339548204,1,21971,334080,-2.5544056262288777,-2.5316437257187707,-2.5731929351176532,0.722792240574893,0.011021442711353302,0.016272611916065216,0.011322814039885998,0.023145511746406555,0.03394876420497894,0.21850906312465668,0.056529562920331955,0.34239867329597473,0.22532883286476135,0.02377258613705635,0.21070311963558197,0.05118945986032486,0.3106864392757416,0.13864287734031677
1,106,22200,-113.75694905174896,229,12.608607875217091,0.047000412742296854,1,22200,337920,-2.2101084804670377,-2.2113156760280783,-2.23869622414085,0.8911646105012866,0.01563671976327896,0.014968941919505596,0.012866893783211708,0.018859267234802246,0.029991377145051956,0.28711095452308655,0.04996037855744362,0.35462361574172974,0.2099328339099884,0.026169324293732643,0.2246769368648529,0.05061633139848709,0.42157769203186035,0.27637597918510437
1,107,22277,-116.63538130186498,77,9.857404584544046,0.04701011033887549,1,22277,341760,-1.777540319945131,-1.7910758674144744,-1.8335521319082806,0.8811319284624866,0.013718499802052975,0.019167546182870865,0.01808801479637623,0.029081443324685097,0.03309421241283417,0.2611444294452667,0.058086130768060684,0.37324726581573486,0.26320186257362366,0.028819037601351738,0.23153522610664368,0.047597259283065796,0.3617897033691406,0.24182939529418945
1,108,22377,-124.27844548784196,100,9.431125787496567,0.046861218381316266,1,22377,345600,-1.9386217918992044,-1.934550517052412,-1.946760424077511,0.8552308050791423,0.018242400139570236,0.017138756811618805,0.015447258949279785,0.02596341073513031,0.029373012483119965,0.2636057138442993,0.05571364238858223,0.3473738133907318,0.23826849460601807,0.02768339402973652,0.22540955245494843,0.04402196407318115,0.35390907526016235,0.2860407531261444
1,109,22451,-113.33851487189531,74,12.007503279617854,0.046730416388004674,1,22451,349440,-1.7794145154101508,-1.7673689654895237,-1.7476781664150103,0.7889400520571717,0.013947087340056896,0.017237991094589233,0.012836762703955173,0.02219259925186634,0.03475888818502426,0.2298913449048996,0.06196879595518112,0.4052712619304657,0.27022701501846313,0.025245750322937965,0.23087401688098907,0.04607304185628891,0.26864689588546753,0.13168154656887054
1,110,22548,-126.25993209145963,97,14.548809176021152,0.04655199398026156,2,22548,357120,-1.715420742995209,-1.7400422039959165,-1.7953448518696757,0.8420698549534448,0.013818571344017982,0.015721840783953667,0.015502315014600754,0.0250561460852623,0.02901466377079487,0.24047425389289856,0.052107129245996475,0.3216954171657562,0.21713504195213318,0.03121885657310486,0.2518307566642761,0.04521356523036957,0.370870441198349,0.26222044229507446
1,111,22724,-132.32448026910424,176,11.487029271967272,0.04641949975806655,2,22724,364800,-1.56355561105644,-1.5788735792040824,-1.5967551885282292,0.8309477521953258,0.014711475931107998,0.015467912890017033,0.013783820904791355,0.020259637385606766,0.031225884333252907,0.28311464190483093,0.053949322551488876,0.34911391139030457,0.1923750787973404,0.02602723240852356,0.23228766024112701,0.049782391637563705,0.3596191704273224,0.23492011427879333
1,112,22837,-128.25812518037856,113,11.317766335877506,0.04631912464163068,2,22837,372480,-1.4245671625841747,-1.4144326623190533,-1.419993630051613,0.8646366602375796,0.013733682222664356,0.016620997339487076,0.01381958369165659,0.02286345139145851,0.02957531251013279,0.26624244451522827,0.052800145000219345,0.3433568775653839,0.20407544076442719,0.028196221217513084,0.2537980377674103,0.05039694532752037,0.35495734214782715,0.3054463565349579
1,113,22918,-121.8490492310375,81,11.590291973948478,0.04619938918713773,2,22918,380160,-1.0618790402077138,-1.0991829926148058,-1.118803527019918,0.8653954798547328,0.015368050895631313,0.017253883183002472,0.01759945973753929,0.02175407111644745,0.0322190523147583,0.2946988046169281,0.05702507495880127,0.33846747875213623,0.2502511441707611,0.027021601796150208,0.25309398770332336,0.04115486517548561,0.3170516788959503,0.27694571018218994
1,114,23017,-113.14139105309732,99,13.299268996715545,0.04607904271295901,2,23017,387840,-1.378578799797429,-1.3682581197884347,-1.4119701385498047,0.7396150459645172,0.014403820969164371,0.018853792920708656,0.012261323630809784,0.021944034844636917,0.029683614149689674,0.22970837354660034,0.05550478771328926,0.3345660865306854,0.24990905821323395,0.023337347432971,0.22753378748893738,0.04428591951727867,0.28213801980018616,0.09902441501617432
1,115,23216,-137.21457268856466,199,12.121504050179531,0.045891804119732496,2,23216,395520,-1.4614211985547292,-1.4545098284357472,-1.487383174739386,0.9409089173304175,0.012399425730109215,0.013004077598452568,0.014418243430554867,0.018325665965676308,0.028138283640146255,0.25535470247268677,0.05091996490955353,0.3478725850582123,0.22329971194267273,0.02729388326406479,0.24762879312038422,0.051224831491708755,0.4494030475616455,0.3271732032299042
1,116,23346,-132.49986993335187,130,13.966291110332195,0.045958325310989666,2,23346,403200,-1.2243593158630224,-1.229765753963819,-1.2720709765186677,0.8144052229630642,0.01701481267809868,0.014541605487465858,0.013313457369804382,0.023056406527757645,0.027554238215088844,0.24053160846233368,0.05371641740202904,0.343854159116745,0.202338308095932,0.027476727962493896,0.22259093821048737,0.0440467931330204,0.35375407338142395,0.24049261212348938
1,117,23486,-135.99568699114025,140,13.844177616494042,0.04582374807952088,2,23486,410880,-1.0876081759376186,-1.0833851721669947,-1.1025199684181384,0.8333736917092687,0.015581798739731312,0.013668830506503582,0.012008832767605782,0.019629687070846558,0.028511689975857735,0.2582851052284241,0.05380867049098015,0.34387463331222534,0.24649015069007874,0.02628299407660961,0.2211056500673294,0.053693126887083054,0.3735997974872589,0.23534469306468964
1,118,23620,-131.2783227171749,134,11.862845598734342,0.0456810437415764,2,23620,418560,-1.2635535599807135,-1.2663355253063715,-1.298537762864278,0.8981655208922145,0.016561023890972137,0.014161357656121254,0.015228181146085262,0.02043185755610466,0.027575330808758736,0.2457728385925293,0.05333251878619194,0.3821600377559662,0.2660732865333557,0.029055902734398842,0.24327637255191803,0.049807243049144745,0.3829163908958435,0.2666018009185791
1,119,23707,-120.4990334333852,87,12.852235445380211,0.04563585034693065,2,23707,426240,-1.083165829256177,-1.081359888613224,-1.111970335431397,0.8544010086648766,0.01395553257316351,0.013178319670259953,0.016810765489935875,0.024063263088464737,0.02566363662481308,0.2096266895532608,0.05725058168172836,0.35418006777763367,0.2657184898853302,0.02845803089439869,0.21930675208568573,0.0433226078748703,0.33957964181900024,0.2814576029777527
1,120,23788,-118.00623315572739,81,14.967714442312717,0.045498472905677295,2,23788,433920,-1.138474481087178,-1.106801750138402,-1.156778390519321,0.8001962703319243,0.012619717977941036,0.013952315784990788,0.018407709896564484,0.02222333662211895,0.026162998750805855,0.22991201281547546,0.05620203912258148,0.2983849048614502,0.19774696230888367,0.02890404686331749,0.23612967133522034,0.04179002344608307,0.33746692538261414,0.27544620633125305
1,121,23887,-102.45926471054554,99,13.15242285993364,0.0453470209694427,2,23887,441600,-0.9003500522838699,-0.9179134018719196,-0.931429509487417,0.7060166752398617,0.015979187563061714,0.013777565211057663,0.014472514390945435,0.019571378827095032,0.026643499732017517,0.19907192885875702,0.04627527669072151,0.2786034941673279,0.20359459519386292,0.02911517396569252,0.23746642470359802,0.046453554183244705,0.2919471859931946,0.20270580053329468
1,122,23961,-108.2832369976677,74,12.999621498584748,0.04515588229061455,2,23961,449280,-0.4735521746533258,-0.5037046871015004,-0.5318375595978329,0.7732111355205913,0.013577417470514774,0.014871659688651562,0.01471104845404625,0.020997680723667145,0.03244111314415932,0.22657281160354614,0.053899671882390976,0.33326253294944763,0.2115064263343811,0.027880636975169182,0.21905875205993652,0.049355968832969666,0.31301623582839966,0.1927984654903412
1,123,24065,-105.16262065549381,104,11.5674693775177,0.045004863799366045,2,24065,456960,-0.9918965372443199,-0.9776504915952683,-1.0131711229681968,0.8379119756416633,0.015380269847810268,0.01657872647047043,0.01558664906769991,0.018949715420603752,0.027508445084095,0.2310074269771576,0.04786461591720581,0.2970131039619446,0.23088844120502472,0.03283170983195305,0.2664114236831665,0.05721209570765495,0.3552347719669342,0.27302086353302
1,124,24135,-109.99191389605403,70,12.093592476844787,0.04486404483517011,2,24135,464640,-0.6999912115080016,-0.7115700728126935,-0.7277515602963311,0.8772896929865792,0.014113890938460827,0.01532691903412342,0.018495311960577965,0.02429257705807686,0.03188016265630722,0.25959181785583496,0.06038041040301323,0.3638550043106079,0.2933332920074463,0.030668701976537704,0.2817419767379761,0.04501459002494812,0.30312031507492065,0.25885456800460815
1,125,24238,-102.33045610692352,103,13.932886046171188,0.0447505116806174,2,24238,472320,-0.7764825697243214,-0.7940318405628204,-0.8270023784413933,0.7637929109115045,0.015401249751448631,0.01437745988368988,0.01805092580616474,0.01952393539249897,0.03148799389600754,0.2058296948671341,0.04692044481635094,0.2551015317440033,0.20839914679527283,0.02977403812110424,0.2407383918762207,0.04631539061665535,0.319693922996521,0.24217131733894348
1,126,24317,-102.98954988643527,79,13.489728670460837,0.04460083416114885,2,24317,480000,-0.9757919134838241,-0.9791850622211183,-0.9944515886051314,0.802286604097121,0.010864648967981339,0.015505416318774223,0.018492985516786575,0.02378927543759346,0.02984442375600338,0.22471606731414795,0.04285843297839165,0.23719196021556854,0.18754905462265015,0.029281627386808395,0.24795886874198914,0.04564396291971207,0.37567418813705444,0.2843741476535797
1,127,24411,-98.00278151221573,94,12.505376052856445,0.04446591856684668,2,24411,487680,-0.8089714780449867,-0.8064653212825458,-0.8325662486255169,0.8103513556486324,0.014799704775214195,0.013797187246382236,0.0176067054271698,0.01989067904651165,0.03195367753505707,0.2479841411113739,0.04764183983206749,0.2606683373451233,0.20056629180908203,0.030645137652754784,0.2636328339576721,0.050395261496305466,0.3531563878059387,0.2685995399951935
1,128,24483,-101.68828091211617,72,13.095037869044713,0.04432434643569746,2,24483,495360,-0.9361295319029264,-0.9833404953990664,-0.9954240111368043,0.8039299186871006,0.011073075234889984,0.014261999167501926,0.018745867535471916,0.02300550788640976,0.03083876147866249,0.2188008725643158,0.046138886362314224,0.2616088092327118,0.20631249248981476,0.02892959862947464,0.25059548020362854,0.051914893090724945,0.3418480157852173,0.26447638869285583
1,129,24586,-98.74733149912208,103,14.916668618917464,0.044179434912246573,2,24586,503040,-0.7216858479380608,-0.7251952883601188,-0.7771193459630013,0.8279587170500974,0.016789790242910385,0.015103615820407867,0.017866017296910286,0.02037099562585354,0.03131347894668579,0.23620840907096863,0.049406472593545914,0.2776601016521454,0.20880119502544403,0.03199204057455063,0.296798974275589,0.051262591034173965,0.33911484479904175,0.2933562099933624
1,130,24686,-99.98620680579916,100,13.862997680902481,0.044081672431073256,2,24686,510720,-0.9300900876522065,-0.9336934941262007,-0.9735984525084496,0.8409530887007713,0.011804580688476562,0.01328388974070549,0.01810506172478199,0.020228931680321693,0.03075738623738289,0.23003613948822021,0.05124877765774727,0.31485244631767273,0.24470095336437225,0.026848094537854195,0.2185060828924179,0.05059971287846565,0.3422008454799652,0.27291324734687805
1,131,24759,-102.56532316841185,73,13.69853514773505,0.04397764271125197,2,24759,518400,-0.6184246293136052,-0.6692402333021163,-0.6697786522763116,0.7898918039858613,0.014722169376909733,0.014794041402637959,0.017513852566480637,0.024246342480182648,0.0350450798869133,0.24777153134346008,0.04622889682650566,0.28200095891952515,0.19553370773792267,0.0322006419301033,0.29281505942344666,0.05287928506731987,0.30311858654022217,0.25823479890823364
1,132,24844,-100.50037234928459,85,13.18276233971119,0.04382899991340107,2,24844,526080,-0.561907428689301,-0.5665409812703729,-0.5840096874162555,0.7984413446164595,0.014989384450018406,0.013272173702716827,0.01679540053009987,0.02173851616680622,0.0299825556576252,0.2216484695672989,0.04671351611614227,0.26266318559646606,0.1981523334980011,0.028731580823659897,0.25060951709747314,0.05387414991855621,0.3382611572742462,0.3055223226547241
1,133,24922,-100.53487682063133,78,12.757793460573469,0.043693930125728093,2,24922,533760,-0.581725669332913,-0.5951089162911688,-0.6180111274123192,0.806638481015833,0.015167254954576492,0.012988786213099957,0.01797768473625183,0.022418417036533356,0.02852986380457878,0.19954422116279602,0.04293074086308479,0.24697479605674744,0.18241234123706818,0.02995043806731701,0.2573452889919281,0.05194849893450737,0.3666965067386627,0.3144044876098633
1,134,25912,-101.3715496249497,990,13.623296180879226,0.04357381982799248,2,25912,541440,-0.4290146641583756,-0.42696189528161826,-0.4558371456885579,1.083285291422698,0.015281475149095058,0.01840735599398613,0.018736308440566063,0.01795104146003723,0.025438988581299782,0.32192108035087585,0.04955098405480385,0.43178024888038635,0.37646740674972534,0.030157653614878654,0.2809864282608032,0.04651970416307449,0.4646699130535126,0.33117765188217163
1,135,25980,-105.88951006531715,68,14.387864351272583,0.04520530730436737,2,25980,549120,0.08258520811796188,0.04646643797556559,0.056548860669136045,0.8295850851664357,0.013935767114162445,0.015711920335888863,0.015819942578673363,0.024797920137643814,0.03806605935096741,0.25388389825820923,0.058641333132982254,0.29401537775993347,0.24807722866535187,0.03175719827413559,0.25907254219055176,0.06454896926879883,0.38078221678733826,0.19040890038013458
1,136,26032,-103.9993034787476,52,12.935045666694641,0.04493567524815943,2,26032,556800,-0.4378064781427383,-0.41455491751432416,-0.46745579183101654,0.8725531721153318,0.011347313411533833,0.015135387890040874,0.01559840701520443,0.02451123110949993,0.04106385260820389,0.2458815723657608,0.05838484317064285,0.28102952241897583,0.2146897315979004,0.030471084639430046,0.23053105175495148,0.06574278324842453,0.45435163378715515,0.27759990096092224
1,137,26094,-100.48310597985983,62,12.416692316532135,0.04476103454631547,2,26094,564480,0.3791216269135475,0.35777871012687684,0.33329866056640944,0.8623483132931493,0.0124669149518013,0.017510537058115005,0.015189790166914463,0.020320408046245575,0.037120621651411057,0.2653433084487915,0.049983710050582886,0.24612577259540558,0.20406612753868103,0.03301816061139107,0.25776293873786926,0.0626707598567009,0.4388090670108795,0.25228676199913025
1,138,26155,-102.27562518790364,61,15.762717692057292,0.04461134859781848,2,26155,572160,-0.03359652856985728,-0.04953847279151281,-0.09227097233136496,0.8581814972755036,0.013734755106270313,0.01685265079140663,0.017243539914488792,0.021965105086565018,0.03745002672076225,0.2520216703414917,0.054896097630262375,0.26931822299957275,0.1928146928548813,0.033883482217788696,0.2539921998977661,0.06680144369602203,0.4523543119430542,0.25373971462249756
1,139,26219,-99.59683865867555,64,13.544628943999609,0.044438908295401564,2,26219,579840,-0.2421735626955827,-0.22335162634650865,-0.25103446195522944,0.8207394535808514,0.01910572499036789,0.017216898500919342,0.020686473697423935,0.024583304300904274,0.0410754457116127,0.2561775743961334,0.05131644383072853,0.26702505350112915,0.21733194589614868,0.029306255280971527,0.2563353180885315,0.05734096094965935,0.3445216715335846,0.291453093290329
1,140,26292,-98.60085418913513,73,13.111121307100568,0.04429106415778983,2,26292,587520,-0.317362265927451,-0.33183626788003107,-0.36766589879989625,0.8523475630506532,0.013142256066203117,0.01698214001953602,0.01652221381664276,0.020359106361865997,0.036534298211336136,0.23402689397335052,0.05581168085336685,0.26425328850746155,0.2373531013727188,0.027575362473726273,0.2541598379611969,0.05061234533786774,0.382034033536911,0.26927265524864197
1,141,26351,-105.23420167760924,59,14.683472661972045,0.04416518268339774,2,26351,595200,0.09121994853019715,0.10858058273792266,0.05319864749908447,0.7969668592605215,0.012562789022922516,0.013887006789445877,0.01571819558739662,0.02510947175323963,0.03945835679769516,0.26148971915245056,0.06075313687324524,0.3064305782318115,0.18328134715557098,0.03198350965976715,0.2546016573905945,0.05834192782640457,0.3599674701690674,0.18539273738861084
1,142,26416,-102.30077659524977,65,14.549881796042124,0.04401273417706583,2,26416,602880,0.14969006776809693,0.1461109958589077,0.10363349243998528,0.7725093624530694,0.01292624045163393,0.014551726169884205,0.0164792537689209,0.021989168599247932,0.03427128493785858,0.20424611866474152,0.052973803132772446,0.2335880547761917,0.23778709769248962,0.026995860040187836,0.22240357100963593,0.05473841354250908,0.3718365728855133,0.22887463867664337
1,143,26490,-101.97295281477273,74,15.547392163957868,0.043860747252853174,2,26490,610560,-0.08620349594524929,-0.11711615324020386,-0.15868339900459563,0.7878981150082639,0.015489880926907063,0.01536682341247797,0.014684055000543594,0.020684363320469856,0.034468572586774826,0.23484686017036438,0.05101098120212555,0.24751147627830505,0.1795440912246704,0.03192321956157684,0.24457861483097076,0.05956250801682472,0.38848406076431274,0.2205193191766739
1,144,26563,-101.26197724975646,73,13.050767932619367,0.04373236533893351,2,26563,618240,-0.2206651759999139,-0.2436482725398881,-0.2807371500347342,0.8258524300300911,0.015679916366934776,0.016949474811553955,0.017273075878620148,0.023438941687345505,0.0347127839922905,0.24577990174293518,0.04741627722978592,0.2436242550611496,0.17992593348026276,0.030231762677431107,0.26467373967170715,0.05738607048988342,0.3741580545902252,0.26216140389442444
1,145,26639,-101.38123477250338,76,13.76950787135533,0.04359563097695317,2,26639,625920,-0.33530164254563194,-0.35287740933043615,-0.34570002747433526,0.7896675948511092,0.018723169341683388,0.015104454942047596,0.01269489899277687,0.021018294617533684,0.03561997413635254,0.23880544304847717,0.049635328352451324,0.248348668217659,0.1301051378250122,0.028494931757450104,0.23107342422008514,0.06036689877510071,0.4018496572971344,0.2578030526638031
1,146,26700,-102.79779003118165,61,14.376323648293813,0.04345526965573812,2,26700,633600,0.1559597594042619,0.1443794384598732,0.1210630198319753,0.8106179556559994,0.013370465487241745,0.015905600041151047,0.01643717847764492,0.021007267758250237,0.03486007824540138,0.20681123435497284,0.058495208621025085,0.2610744535923004,0.25692903995513916,0.028848161920905113,0.2424299269914627,0.05153821408748627,0.3418501615524292,0.24380813539028168
1,147,26788,-97.75206776987761,88,14.94868836402893,0.04331531659341775,2,26788,641280,-0.061557993199676274,-0.05854935552924871,-0.09738957714289427,0.7709637961039939,0.01305182185024023,0.014566440135240555,0.014133918099105358,0.021967263892292976,0.03370080888271332,0.23231464624404907,0.050680410116910934,0.24639157950878143,0.1700092852115631,0.02729737013578415,0.24096430838108063,0.05316317453980446,0.3295515775680542,0.2945716083049774
1,148,26961,-97.16352494806051,173,16.351010953678806,0.04317707817476147,2,26961,648960,0.21948300486101824,0.21681684080292196,0.17533021586782793,0.8701769251067744,0.020748458802700043,0.015807224437594414,0.01561234425753355,0.016970038414001465,0.031055357307195663,0.26422837376594543,0.04902901500463486,0.3197772800922394,0.3230491876602173,0.024278849363327026,0.23820063471794128,0.04444669559597969,0.34806913137435913,0.2520478665828705
1,149,27094,-100.68810166511685,133,14.827434073961697,0.043137054005785595,2,27094,656640,0.4044735272916464,0.4083071587177423,0.37784297036436887,0.7291122460947898,0.013256059028208256,0.013576969504356384,0.015070591121912003,0.022110462188720703,0.0290504302829504,0.1991431564092636,0.05032694339752197,0.2521504759788513,0.21084533631801605,0.023830901831388474,0.20662684738636017,0.04562725871801376,0.323390394449234,0.26310890913009644
1,150,27170,-99.83801562758163,76,15.177580564362662,0.04296601612653051,2,27170,664320,0.20812917181423732,0.20587964057922364,0.1876528024673462,0.6730070067079443,0.01054989080876112,0.01445141714066267,0.01532874908298254,0.019839460030198097,0.0315411351621151,0.21376900374889374,0.047215089201927185,0.21676969528198242,0.17588257789611816,0.026807477697730064,0.20695896446704865,0.04194314405322075,0.26268669962882996,0.17443999648094177
1,151,27293,-97.74327480047941,123,15.711567205190658,0.04281281116389254,2,27293,672000,0.235708300024271,0.2512251418083906,0.2319286258270343,0.6975836934355216,0.013429543934762478,0.013641975820064545,0.01316875871270895,0.020808832719922066,0.02799868956208229,0.21666720509529114,0.04638903960585594,0.26067808270454407,0.1817546784877777,0.02442595362663269,0.2154322862625122,0.048125527799129486,0.30158600211143494,0.20637434720993042
1,152,27381,-108.17450637370348,88,14.962180295586586,0.042678317992286115,2,27381,679680,0.43104991465806963,0.4413990380242467,0.41082876138389113,0.7190777233830004,0.012826954945921898,0.011880098842084408,0.010807160288095474,0.021580452099442482,0.031230688095092773,0.19548927247524261,0.05120420828461647,0.26011934876441956,0.266084223985672,0.027127016335725784,0.21515260636806488,0.05126514285802841,0.31727904081344604,0.1785249412059784
1,153,27445,-104.552020103205,64,16.16310515006383,0.0425221693825047,2,27445,687360,0.351698225736618,0.3453932618101438,0.2745188462237517,0.6269847311001892,0.01205223985016346,0.011542907916009426,0.01729416288435459,0.024994701147079468,0.03177688643336296,0.18102870881557465,0.04498276859521866,0.18594878911972046,0.17078696191310883,0.022404193878173828,0.16878972947597504,0.04951460659503937,0.29408735036849976,0.17067527770996094
1,154,27565,-104.49134389637038,120,17.01840597589811,0.04235708799178355,2,27565,695040,0.5433322062095006,0.5470711251099905,0.5314745014533401,0.6345459199200075,0.01306177768856287,0.010926037095487118,0.014884460717439651,0.020527271553874016,0.026146529242396355,0.17251498997211456,0.04098880663514137,0.2205849587917328,0.1783139407634735,0.020060483366250992,0.18235494196414948,0.041519392281770706,0.3106571137905121,0.16827169060707092
1,155,27639,-105.09709542989731,74,14.891104766300746,0.04218161237481227,2,27639,702720,0.7445238539150782,0.7231717709984098,0.7234438300132752,0.7503418407595909,0.01727805845439434,0.012937701307237148,0.014502916485071182,0.02374747022986412,0.03443955257534981,0.21338319778442383,0.05023990944027901,0.24827681481838226,0.22358930110931396,0.023534096777439117,0.20937193930149078,0.04666708782315254,0.2941608726978302,0.26775774359703064
1,156,27707,-103.39846803806722,68,15.972209664185842,0.042042904630349806,2,27707,710400,0.39549356202284497,0.40073168973128,0.3805846576889356,0.7696212292740157,0.01691264472901821,0.01297697052359581,0.014868319034576416,0.023633582517504692,0.03342920169234276,0.22352999448776245,0.05221185088157654,0.24632622301578522,0.22905480861663818,0.021209517493844032,0.18890999257564545,0.046468351036310196,0.3058156669139862,0.2896080017089844
1,157,27775,-101.2255259915255,68,16.758255596955618,0.04192842211068412,2,27775,718080,0.9797230335573356,1.0501901984214783,0.9998308897018433,0.6218005489631027,0.012052096426486969,0.010820828378200531,0.016620591282844543,0.0191258043050766,0.03132541477680206,0.20404939353466034,0.05018535256385803,0.2437855750322342,0.18110916018486023,0.022339506074786186,0.1666860282421112,0.04348142072558403,0.25749653577804565,0.12290849536657333
1,158,27833,-106.35246210731566,58,15.414469561576844,0.04177209679957157,2,27833,725760,0.41869127079844476,0.4223801827430725,0.37190345346927645,0.6932408235025133,0.013721377588808537,0.011571606621146202,0.017145518213510513,0.024871550500392914,0.03147704899311066,0.18836535513401031,0.049429573118686676,0.2305876612663269,0.2342018038034439,0.02201925963163376,0.19105930626392365,0.048204828053712845,0.3161814212799072,0.15499231219291687
1,159,27904,-111.74328513070941,71,18.28419988495963,0.041613316126627685,2,27904,733440,0.921906599189554,0.9194262370467186,0.8749734020658901,0.6688360563466246,0.014019452035427094,0.01026277057826519,0.01399745512753725,0.02450796216726303,0.024048471823334694,0.16830435395240784,0.059542253613471985,0.3245861828327179,0.25094035267829895,0.02054199017584324,0.16133247315883636,0.03638451173901558,0.2318132221698761,0.13510172069072723
1,160,28010,-108.81289165187627,106,14.218428301811219,0.041467783310726876,2,28010,741120,1.6781933952867985,1.68443644374609,1.6229850894212723,0.7091778017252496,0.01922050304710865,0.012597685679793358,0.012384479865431786,0.020903222262859344,0.02817790023982525,0.20819558203220367,0.04832085594534874,0.3294333219528198,0.2681891918182373,0.01939946785569191,0.17798706889152527,0.04263942688703537,0.2571296989917755,0.14827196300029755
1,161,28089,-96.66134251072071,79,13.46199221270425,0.04135661545787747,2,28089,748800,1.0054351342575891,1.0065112995249885,0.9818013680832727,0.8374345950813736,0.011296786367893219,0.012997176498174667,0.017259586602449417,0.02214890904724598,0.02665485069155693,0.20570100843906403,0.05247034505009651,0.2797871232032776,0.24010641872882843,0.02201206237077713,0.17042014002799988,0.04181103780865669,0.3054006099700928,0.34575456380844116
1,162,28198,-131.15073163062334,109,14.645728242397308,0.041266352047614,2,28198,756480,1.3838921275734901,1.378426754027605,1.3496581527590752,0.6196019940237751,0.01398245058953762,0.010456645861268044,0.013838051818311214,0.019145868718624115,0.024379830807447433,0.1778097003698349,0.043832115828990936,0.2623862028121948,0.18065516650676727,0.019967859610915184,0.14283087849617004,0.04110757261514664,0.2829757034778595,0.17579367756843567
1,163,28259,-100.78644040226936,61,14.03235387802124,0.041097994548353285,2,28259,764160,1.1971870519220829,1.188339967528979,1.1891447136799493,0.6518436924355929,0.012684058398008347,0.01471328642219305,0.017980201169848442,0.022831637412309647,0.030868038535118103,0.20603038370609283,0.04482683166861534,0.20939134061336517,0.13101840019226074,0.02021099254488945,0.17931990325450897,0.04256703332066536,0.2671625018119812,0.19495972990989685
